source_filename,clean_filename,scene_id,near_dup_group_id,multiple_bottle_flag,close_up_flag,likely_good_flag,likely_tilted_cap_flag,likely_label_defect_flag,black_marker_flag,hand_held_flag,review_status,decision,notes
img_001.png,img_001.png,1,1,False,False,True,False,False,False,False,reviewed,KEEP,
img_002.png,img_002.png,2,1,False,False,True,False,False,False,False,reviewed,KEEP,
img_003.png,img_003.png,7,1,False,False,True,False,False,False,False,reviewed,KEEP,
img_004.png,img_004.png,7,1,False,False,True,False,False,False,False,reviewed,KEEP,
img_005.png,img_005.png,7,1,False,False,True,False,False,False,False,reviewed,KEEP,
img_006.png,img_006.png,7,1,False,False,True,False,False,False,False,reviewed,KEEP,
img_007.png,img_007.png,7,1,False,False,True,False,False,False,False,reviewed,KEEP,
img_008.png,img_008.png,7,1,False,False,True,False,False,False,False,reviewed,KEEP,
img_009.png,img_009.png,7,1,False,False,True,False,False,False,False,reviewed,KEEP,
img_010.png,img_010.png,7,1,False,False,True,False,False,False,False,reviewed,KEEP,
img_011.png,img_011.png,7,1,False,False,True,False,False,False,False,reviewed,KEEP,
img_012.png,img_012.png,7,1,False,False,True,False,False,False,False,reviewed,KEEP,
img_013.png,img_013.png,2,1,False,False,True,False,False,False,False,reviewed,KEEP,
img_014.png,img_014.png,7,1,False,False,True,False,False,False,False,reviewed,KEEP,
img_015.png,img_015.png,7,1,False,False,True,False,False,False,False,reviewed,KEEP,
img_016.png,img_016.png,7,1,False,False,True,False,False,False,False,reviewed,KEEP,
img_017.png,img_017.png,7,1,False,False,True,False,False,False,False,reviewed,KEEP,
img_018.png,img_018.png,7,1,False,False,True,False,False,False,False,reviewed,KEEP,
img_019.png,img_019.png,7,1,False,False,True,False,False,False,False,reviewed,KEEP,
img_020.png,img_020.png,7,1,False,False,True,False,False,False,False,reviewed,KEEP,
img_021.png,img_021.png,7,1,False,False,True,False,False,False,False,reviewed,KEEP,
img_022.png,img_022.png,7,1,False,False,True,False,False,False,False,reviewed,KEEP,
img_023.png,img_023.png,7,1,False,False,True,False,False,False,False,reviewed,KEEP,
img_024.png,img_024.png,2,1,False,False,True,False,False,False,False,reviewed,KEEP,
img_025.png,img_025.png,7,1,False,False,True,False,False,False,False,reviewed,KEEP,
img_026.png,img_026.png,7,1,False,False,True,False,False,False,False,reviewed,KEEP,
img_027.png,img_027.png,7,1,False,False,True,False,False,False,False,reviewed,KEEP,
img_028.png,img_028.png,7,1,False,False,True,False,False,False,False,reviewed,KEEP,
img_029.png,img_029.png,7,1,False,False,True,False,False,False,False,reviewed,KEEP,
img_030.png,img_030.png,7,1,False,False,True,False,False,False,False,reviewed,KEEP,
img_031.png,img_031.png,7,1,False,False,True,False,False,False,False,reviewed,KEEP,
img_032.png,img_032.png,7,1,False,False,True,False,False,False,False,reviewed,KEEP,
img_033.png,img_033.png,7,1,False,False,True,False,False,False,False,reviewed,KEEP,
img_034.png,img_034.png,7,1,False,False,True,False,False,False,False,reviewed,KEEP,
img_035.png,img_035.png,2,1,False,False,True,False,False,False,False,reviewed,KEEP,
img_036.png,img_036.png,7,1,False,False,True,False,False,False,False,reviewed,KEEP,
img_037.png,img_037.png,7,1,False,False,True,False,False,False,False,reviewed,KEEP,
img_038.png,img_038.png,7,1,False,False,True,False,False,False,False,reviewed,KEEP,
img_039.png,img_039.png,7,1,False,False,True,False,False,False,False,reviewed,KEEP,
img_040.png,img_040.png,7,1,False,False,True,False,False,False,False,reviewed,KEEP,
img_041.png,img_041.png,7,1,False,False,True,False,False,False,False,reviewed,KEEP,
img_042.png,img_042.png,7,1,False,False,True,False,False,False,False,reviewed,KEEP,
img_043.png,img_043.png,7,1,False,False,True,False,False,False,False,reviewed,KEEP,
img_044.png,img_044.png,7,1,False,False,True,False,False,False,False,reviewed,KEEP,
img_045.png,img_045.png,8,1,False,False,False,True,True,False,False,reviewed,KEEP,
img_046.png,img_046.png,2,1,False,False,True,False,False,False,False,reviewed,KEEP,
img_047.png,img_047.png,8,1,False,False,False,True,False,False,False,reviewed,KEEP,
img_048.png,img_048.png,8,1,False,False,False,True,False,False,False,reviewed,KEEP,
img_049.png,img_049.png,8,1,False,False,False,True,False,False,False,reviewed,KEEP,
img_050.png,img_050.png,8,1,False,False,True,False,False,False,False,reviewed,KEEP,
img_051.png,img_051.png,8,1,False,False,True,False,False,False,False,reviewed,KEEP,
img_052.png,img_052.png,8,1,False,False,True,False,False,False,False,reviewed,KEEP,
img_053.png,img_053.png,8,1,False,False,True,False,False,False,False,reviewed,KEEP,
img_054.png,img_054.png,8,1,False,False,True,False,False,False,False,reviewed,KEEP,
img_055.png,img_055.png,8,1,False,False,True,False,False,False,False,reviewed,KEEP,
img_056.png,img_056.png,8,1,False,False,True,False,False,False,False,reviewed,KEEP,
img_057.png,img_057.png,2,1,False,False,True,False,False,False,False,reviewed,KEEP,
img_058.png,img_058.png,8,1,False,False,True,False,False,False,False,reviewed,KEEP,
img_059.png,img_059.png,8,1,False,False,True,False,False,False,False,reviewed,KEEP,
img_060.png,img_060.png,8,1,False,False,True,False,False,False,False,reviewed,KEEP,
img_061.png,img_061.png,8,1,False,False,True,False,False,False,False,reviewed,KEEP,
img_062.png,img_062.png,8,1,False,False,True,False,False,False,False,reviewed,KEEP,
img_063.png,img_063.png,8,1,False,False,True,False,False,False,False,reviewed,KEEP,
img_064.png,img_064.png,8,1,False,False,True,False,False,False,False,reviewed,KEEP,
img_065.png,img_065.png,8,1,False,False,True,False,False,False,False,reviewed,KEEP,
img_066.png,img_066.png,8,1,False,False,False,True,False,False,False,reviewed,KEEP,
img_067.png,img_067.png,8,1,False,False,False,True,False,False,False,reviewed,KEEP,
img_068.png,img_068.png,3,1,False,False,True,False,False,False,False,reviewed,KEEP,
img_069.png,img_069.png,8,1,False,False,False,True,False,False,False,reviewed,KEEP,
img_070.png,img_070.png,8,1,False,False,False,True,False,False,False,reviewed,KEEP,
img_071.png,img_071.png,9,1,False,False,False,False,True,False,False,reviewed,KEEP,
img_072.png,img_072.png,9,1,False,False,False,False,True,False,False,reviewed,KEEP,
img_073.png,img_073.png,9,1,False,False,False,False,True,False,False,reviewed,KEEP,
img_074.png,img_074.png,9,1,False,False,False,False,True,False,False,reviewed,KEEP,
img_075.png,img_075.png,9,1,False,False,False,False,True,False,False,reviewed,KEEP,
img_076.png,img_076.png,9,1,False,False,False,False,True,False,False,reviewed,KEEP,
img_077.png,img_077.png,9,1,False,False,True,False,False,False,False,reviewed,KEEP,
img_078.png,img_078.png,9,1,False,False,True,False,False,False,False,reviewed,REJECT,
img_079.png,img_079.png,3,1,False,False,True,False,False,False,False,reviewed,KEEP,
img_080.png,img_080.png,9,1,False,False,True,False,False,False,False,reviewed,KEEP,
img_081.png,img_081.png,9,1,False,False,True,False,False,False,False,reviewed,KEEP,
img_082.png,img_082.png,9,1,False,False,True,False,False,False,False,reviewed,KEEP,
img_083.png,img_083.png,9,1,False,False,True,False,False,False,False,reviewed,KEEP,
img_084.png,img_084.png,9,1,False,False,True,False,False,False,False,reviewed,KEEP,
img_085.png,img_085.png,9,1,False,False,True,False,False,False,False,reviewed,KEEP,
img_086.png,img_086.png,9,1,False,False,True,False,False,False,False,reviewed,KEEP,
img_087.png,img_087.png,9,1,False,False,True,False,False,False,False,reviewed,KEEP,
img_088.png,img_088.png,9,1,False,False,True,False,False,False,False,reviewed,KEEP,
img_089.png,img_089.png,9,1,False,False,True,False,False,False,False,reviewed,KEEP,
img_090.png,img_090.png,3,1,False,False,True,False,False,False,False,reviewed,KEEP,
img_091.png,img_091.png,10,1,False,False,True,False,False,False,False,reviewed,KEEP,
img_092.png,img_092.png,10,1,False,False,True,False,False,False,False,reviewed,KEEP,
img_093.png,img_093.png,10,1,False,False,True,False,False,False,False,reviewed,KEEP,
img_094.png,img_094.png,10,1,False,False,True,False,False,False,False,reviewed,KEEP,
img_095.png,img_095.png,10,3,False,False,True,False,False,False,False,reviewed,KEEP,
img_096.png,img_096.png,10,1,False,False,True,False,False,False,False,reviewed,KEEP,
img_097.png,img_097.png,10,3,False,False,True,False,False,False,False,reviewed,KEEP,
img_098.png,img_098.png,10,3,False,False,True,False,False,False,False,reviewed,KEEP,
img_099.png,img_099.png,10,3,False,False,False,True,False,False,False,reviewed,KEEP,
img_100.png,img_100.png,10,3,False,False,False,True,False,False,False,reviewed,KEEP,
img_101.png,img_101.png,3,1,False,False,True,False,False,False,False,reviewed,KEEP,
img_102.png,img_102.png,10,3,False,False,False,True,False,False,False,reviewed,KEEP,
img_103.png,img_103.png,10,3,False,False,False,True,False,False,False,reviewed,KEEP,
img_104.png,img_104.png,10,3,False,False,True,False,False,False,False,reviewed,KEEP,
img_105.png,img_105.png,10,3,False,False,False,True,False,False,False,reviewed,KEEP,
img_106.png,img_106.png,10,3,False,False,True,False,False,False,False,reviewed,KEEP,
img_107.png,img_107.png,10,3,False,False,True,False,False,False,False,reviewed,KEEP,
img_108.png,img_108.png,10,3,False,False,True,False,False,False,False,reviewed,KEEP,
img_109.png,img_109.png,10,3,False,False,True,False,False,False,False,reviewed,KEEP,
img_110.png,img_110.png,10,3,False,False,True,False,False,False,False,reviewed,KEEP,
img_111.png,img_111.png,11,3,False,False,False,True,False,False,False,reviewed,KEEP,
img_112.png,img_112.png,1,1,False,False,True,False,False,False,False,reviewed,KEEP,
img_113.png,img_113.png,3,1,False,False,True,False,False,False,False,reviewed,KEEP,
img_114.png,img_114.png,11,3,False,False,True,False,False,False,False,reviewed,KEEP,
img_115.png,img_115.png,11,3,False,False,True,False,False,False,False,reviewed,KEEP,
img_116.png,img_116.png,11,3,False,False,True,False,False,False,False,reviewed,KEEP,
img_117.png,img_117.png,11,2,False,False,True,False,False,False,False,reviewed,KEEP,
img_118.png,img_118.png,11,3,False,False,True,False,False,False,False,reviewed,KEEP,
img_119.png,img_119.png,11,3,False,False,True,False,False,False,False,reviewed,KEEP,
img_120.png,img_120.png,11,3,False,False,True,False,False,False,False,reviewed,KEEP,
img_121.png,img_121.png,11,3,False,False,True,False,False,False,False,reviewed,KEEP,
img_122.png,img_122.png,11,1,False,False,True,False,False,False,False,reviewed,KEEP,
img_123.png,img_123.png,11,2,False,False,True,False,False,False,False,reviewed,KEEP,
img_124.png,img_124.png,3,1,False,False,True,False,False,False,False,reviewed,KEEP,
img_125.png,img_125.png,11,1,False,False,True,False,False,False,False,reviewed,KEEP,
img_126.png,img_126.png,11,2,False,False,True,False,False,False,False,reviewed,KEEP,
img_127.png,img_127.png,11,1,False,False,False,True,False,False,False,reviewed,KEEP,
img_128.png,img_128.png,11,1,False,False,False,True,False,False,False,reviewed,KEEP,
img_129.png,img_129.png,11,1,False,False,False,True,False,False,False,reviewed,KEEP,
img_130.png,img_130.png,11,1,False,False,True,False,False,False,False,reviewed,KEEP,
img_131.png,img_131.png,11,1,False,False,True,False,False,False,False,reviewed,KEEP,
img_132.png,img_132.png,11,1,False,False,True,False,False,False,False,reviewed,KEEP,
img_133.png,img_133.png,11,1,False,False,False,False,True,False,False,reviewed,KEEP,
img_134.png,img_134.png,11,1,False,False,True,False,False,False,False,reviewed,KEEP,
img_135.png,img_135.png,3,1,False,False,True,False,False,False,False,reviewed,KEEP,
img_136.png,img_136.png,11,1,False,False,True,False,False,False,False,reviewed,KEEP,
img_137.png,img_137.png,11,1,False,False,True,False,False,False,False,reviewed,KEEP,
img_138.png,img_138.png,11,1,False,False,True,False,False,False,False,reviewed,KEEP,
img_139.png,img_139.png,11,1,False,False,True,False,False,False,False,reviewed,KEEP,
img_140.png,img_140.png,11,1,False,False,True,False,False,False,False,reviewed,KEEP,
img_141.png,img_141.png,12,1,False,False,False,False,True,False,False,reviewed,KEEP,
img_142.png,img_142.png,12,1,False,False,False,False,True,False,False,reviewed,KEEP,
img_143.png,img_143.png,12,1,False,False,False,False,True,False,False,reviewed,KEEP,
img_144.png,img_144.png,12,1,False,False,False,False,True,False,False,reviewed,KEEP,
img_145.png,img_145.png,12,4,False,False,True,False,False,False,False,reviewed,KEEP,
img_146.png,img_146.png,3,1,False,False,True,False,False,False,False,reviewed,KEEP,
img_147.png,img_147.png,12,4,False,False,True,False,False,False,False,reviewed,KEEP,
img_148.png,img_148.png,12,4,False,False,True,False,False,False,False,reviewed,KEEP,
img_149.png,img_149.png,12,4,False,False,True,False,False,False,False,reviewed,KEEP,
img_150.png,img_150.png,12,4,False,False,True,False,False,False,False,reviewed,KEEP,
img_151.png,img_151.png,12,4,False,False,True,False,False,False,False,reviewed,KEEP,
img_152.png,img_152.png,13,1,False,False,False,False,True,False,False,reviewed,KEEP,
img_153.png,img_153.png,13,1,False,False,False,False,True,False,False,reviewed,KEEP,
img_154.png,img_154.png,13,1,False,False,False,False,True,False,False,reviewed,KEEP,
img_155.png,img_155.png,13,1,False,False,False,False,True,False,False,reviewed,KEEP,
img_156.png,img_156.png,13,1,False,False,False,False,True,False,False,reviewed,KEEP,
img_157.png,img_157.png,3,1,False,False,True,False,False,False,False,reviewed,KEEP,
img_158.png,img_158.png,13,1,False,False,False,False,True,False,False,reviewed,KEEP,
img_159.png,img_159.png,13,1,False,False,False,False,True,False,False,reviewed,KEEP,
img_160.png,img_160.png,13,1,False,False,False,False,True,False,False,reviewed,KEEP,
img_161.png,img_161.png,13,1,False,False,False,False,True,False,False,reviewed,KEEP,
img_162.png,img_162.png,13,1,False,False,False,False,True,False,False,reviewed,KEEP,
img_163.png,img_163.png,13,1,False,False,False,False,True,False,False,reviewed,KEEP,
img_164.png,img_164.png,13,1,False,False,False,False,True,False,False,reviewed,KEEP,
img_165.png,img_165.png,13,1,False,False,True,False,False,False,False,reviewed,KEEP,
img_166.png,img_166.png,13,1,False,False,True,False,False,False,False,reviewed,KEEP,
img_167.png,img_167.png,13,1,False,False,True,False,False,False,False,reviewed,KEEP,
img_168.png,img_168.png,3,1,False,False,True,False,False,False,False,reviewed,KEEP,
img_169.png,img_169.png,13,1,False,False,True,False,False,False,False,reviewed,KEEP,
img_170.png,img_170.png,13,1,False,False,True,False,False,False,False,reviewed,KEEP,
img_171.png,img_171.png,13,1,False,False,True,False,False,False,False,reviewed,KEEP,
img_172.png,img_172.png,13,1,False,False,True,False,False,False,False,reviewed,KEEP,
img_173.png,img_173.png,14,1,False,False,True,False,False,False,False,reviewed,KEEP,
img_174.png,img_174.png,14,1,False,False,True,False,False,False,False,reviewed,KEEP,
img_175.png,img_175.png,14,1,False,False,True,False,False,False,False,reviewed,KEEP,
img_176.png,img_176.png,14,1,False,False,True,False,False,False,False,reviewed,KEEP,
img_177.png,img_177.png,14,1,False,False,True,False,False,False,False,reviewed,KEEP,
img_178.png,img_178.png,14,1,False,False,True,False,False,False,False,reviewed,KEEP,
img_179.png,img_179.png,3,1,False,False,True,False,False,False,False,reviewed,KEEP,
img_180.png,img_180.png,14,1,False,False,True,False,False,False,False,reviewed,KEEP,
img_181.png,img_181.png,14,1,False,False,True,False,False,False,False,reviewed,KEEP,
img_182.png,img_182.png,14,1,False,False,True,False,False,False,False,reviewed,KEEP,
img_183.png,img_183.png,14,1,False,False,True,False,False,False,False,reviewed,KEEP,
img_184.png,img_184.png,14,1,False,False,True,False,False,False,False,reviewed,KEEP,
img_185.png,img_185.png,14,1,False,False,True,False,False,False,False,reviewed,KEEP,
img_186.png,img_186.png,14,1,False,False,True,False,False,False,False,reviewed,KEEP,
img_187.png,img_187.png,14,1,False,False,True,False,False,False,False,reviewed,KEEP,
img_188.png,img_188.png,14,1,False,False,True,False,False,False,False,reviewed,KEEP,
img_189.png,img_189.png,14,1,False,False,True,False,False,False,False,reviewed,KEEP,
img_190.png,img_190.png,3,1,False,False,True,False,False,False,False,reviewed,KEEP,
img_191.png,img_191.png,14,1,False,False,True,False,False,False,False,reviewed,KEEP,
img_192.png,img_192.png,14,1,False,False,True,False,False,False,False,reviewed,KEEP,
img_193.png,img_193.png,14,1,False,False,True,False,False,False,False,reviewed,KEEP,
img_194.png,img_194.png,14,1,False,False,True,False,False,False,False,reviewed,KEEP,
img_195.png,img_195.png,14,1,False,False,True,False,False,False,False,reviewed,KEEP,
img_196.png,img_196.png,14,1,False,False,True,False,False,False,False,reviewed,KEEP,
img_197.png,img_197.png,14,1,False,False,True,False,False,False,False,reviewed,KEEP,
img_198.png,img_198.png,14,1,False,False,True,False,False,False,False,reviewed,KEEP,
img_199.png,img_199.png,14,1,False,False,True,False,False,False,False,reviewed,KEEP,
img_200.png,img_200.png,14,1,False,False,True,False,False,False,False,reviewed,KEEP,
img_201.png,img_201.png,3,1,False,False,True,False,False,False,False,reviewed,KEEP,
img_202.png,img_202.png,14,1,False,False,True,False,False,False,False,reviewed,KEEP,
img_203.png,img_203.png,14,1,False,False,True,False,False,False,False,reviewed,KEEP,
img_204.png,img_204.png,14,1,False,False,True,False,False,False,False,reviewed,KEEP,
img_205.png,img_205.png,14,1,False,False,True,False,False,False,False,reviewed,KEEP,
img_206.png,img_206.png,14,1,False,False,True,False,False,False,False,reviewed,KEEP,
img_207.png,img_207.png,14,1,False,False,True,False,False,False,False,reviewed,KEEP,
img_208.png,img_208.png,14,1,False,False,True,False,False,False,False,reviewed,KEEP,
img_209.png,img_209.png,14,1,False,False,True,False,False,False,False,reviewed,KEEP,
img_210.png,img_210.png,14,1,False,False,True,False,False,False,False,reviewed,KEEP,
img_211.png,img_211.png,14,1,False,False,True,False,False,False,False,reviewed,KEEP,
img_212.png,img_212.png,3,1,False,False,True,False,False,False,False,reviewed,KEEP,
img_213.png,img_213.png,14,1,False,False,True,False,False,False,False,reviewed,KEEP,
img_214.png,img_214.png,14,1,False,False,True,False,False,False,False,reviewed,KEEP,
img_215.png,img_215.png,14,1,False,False,True,False,False,False,False,reviewed,KEEP,
img_216.png,img_216.png,15,1,False,False,True,False,False,False,False,reviewed,KEEP,
img_217.png,img_217.png,15,1,False,False,True,False,False,False,False,reviewed,KEEP,
img_218.png,img_218.png,15,1,False,False,True,False,False,False,False,reviewed,KEEP,
img_219.png,img_219.png,15,1,False,False,True,False,False,False,False,reviewed,KEEP,
img_220.png,img_220.png,15,1,False,False,True,False,False,False,False,reviewed,KEEP,
img_221.png,img_221.png,15,1,False,False,True,False,False,False,False,reviewed,KEEP,
img_222.png,img_222.png,15,1,False,False,True,False,False,False,False,reviewed,KEEP,
img_223.png,img_223.png,1,1,False,False,True,False,False,False,False,reviewed,KEEP,
img_224.png,img_224.png,3,1,False,False,True,False,False,False,False,reviewed,KEEP,
img_225.png,img_225.png,15,1,False,False,True,False,False,False,False,reviewed,KEEP,
img_226.png,img_226.png,15,1,False,False,True,False,False,False,False,reviewed,KEEP,
img_227.png,img_227.png,15,1,False,False,True,False,False,False,False,reviewed,KEEP,
img_228.png,img_228.png,15,1,False,False,True,False,False,False,False,reviewed,KEEP,
img_229.png,img_229.png,15,1,False,False,True,False,False,False,False,reviewed,KEEP,
img_230.png,img_230.png,15,1,False,False,True,False,False,False,False,reviewed,KEEP,
img_231.png,img_231.png,15,1,False,False,True,False,False,False,False,reviewed,KEEP,
img_232.png,img_232.png,16,1,False,False,True,False,False,False,False,reviewed,KEEP,
img_233.png,img_233.png,16,1,False,False,True,False,False,False,False,reviewed,KEEP,
img_234.png,img_234.png,16,1,False,False,True,False,False,False,False,reviewed,KEEP,
img_235.png,img_235.png,3,1,False,False,True,False,False,False,False,reviewed,KEEP,
img_236.png,img_236.png,16,1,False,False,True,False,False,False,False,reviewed,KEEP,
img_237.png,img_237.png,16,1,False,False,True,False,False,False,False,reviewed,KEEP,
img_238.png,img_238.png,16,1,False,False,True,False,False,False,False,reviewed,KEEP,
img_239.png,img_239.png,17,1,False,False,True,False,False,False,False,reviewed,KEEP,
img_240.png,img_240.png,17,1,False,False,True,False,False,False,False,reviewed,KEEP,
img_241.png,img_241.png,17,1,False,False,True,False,False,False,False,reviewed,KEEP,
img_242.png,img_242.png,17,1,False,False,True,False,False,False,False,reviewed,KEEP,
img_243.png,img_243.png,17,1,False,False,True,False,False,False,False,reviewed,KEEP,
img_244.png,img_244.png,17,1,False,False,True,False,False,False,False,reviewed,KEEP,
img_245.png,img_245.png,17,1,False,False,True,False,False,False,False,reviewed,KEEP,
img_246.png,img_246.png,3,1,False,False,True,False,False,False,False,reviewed,KEEP,
img_247.png,img_247.png,18,1,False,False,True,False,False,False,False,reviewed,KEEP,
img_248.png,img_248.png,18,1,False,False,True,False,False,False,False,reviewed,KEEP,
img_249.png,img_249.png,18,1,False,False,True,False,False,False,False,reviewed,KEEP,
img_250.png,img_250.png,18,1,False,False,True,False,False,False,False,reviewed,KEEP,
img_251.png,img_251.png,18,1,False,False,True,False,False,False,False,reviewed,KEEP,
img_252.png,img_252.png,18,1,False,False,True,False,False,False,False,reviewed,KEEP,
img_253.png,img_253.png,18,1,False,False,True,False,False,False,False,reviewed,KEEP,
img_254.png,img_254.png,18,1,False,False,True,False,False,False,False,reviewed,KEEP,
img_255.png,img_255.png,18,1,False,False,True,False,False,False,False,reviewed,KEEP,
img_256.png,img_256.png,18,1,False,False,True,False,False,False,False,reviewed,KEEP,
img_257.png,img_257.png,4,2,False,False,False,False,True,False,False,reviewed,KEEP,
img_258.png,img_258.png,18,1,False,False,True,False,False,False,False,reviewed,KEEP,
img_259.png,img_259.png,18,4,False,False,False,False,True,False,False,reviewed,KEEP,
img_260.png,img_260.png,18,4,False,False,False,False,True,False,False,reviewed,KEEP,
img_261.png,img_261.png,18,4,False,False,False,False,True,False,False,reviewed,KEEP,
img_262.png,img_262.png,18,4,False,False,False,False,True,False,False,reviewed,KEEP,
img_263.png,img_263.png,18,4,False,False,False,False,True,False,False,reviewed,KEEP,
img_264.png,img_264.png,18,4,False,False,False,False,True,False,False,reviewed,KEEP,
img_265.png,img_265.png,18,4,False,False,False,False,True,False,False,reviewed,KEEP,
img_266.png,img_266.png,18,4,False,False,False,False,True,False,False,reviewed,KEEP,
img_267.png,img_267.png,18,4,False,False,False,False,True,False,False,reviewed,KEEP,
img_268.png,img_268.png,4,2,False,False,True,False,False,False,False,reviewed,KEEP,
img_269.png,img_269.png,18,4,False,False,False,False,True,False,False,reviewed,KEEP,
img_270.png,img_270.png,18,4,False,False,False,False,True,False,False,reviewed,KEEP,
img_271.png,img_271.png,18,4,False,False,True,False,False,False,False,reviewed,KEEP,
img_272.png,img_272.png,18,4,False,False,False,False,True,False,False,reviewed,KEEP,
img_273.png,img_273.png,18,4,False,False,False,False,True,False,False,reviewed,KEEP,
img_274.png,img_274.png,18,4,False,False,True,False,False,False,False,reviewed,KEEP,
img_275.png,img_275.png,18,4,False,False,False,False,True,False,False,reviewed,KEEP,
img_276.png,img_276.png,18,4,False,False,False,False,True,False,False,reviewed,KEEP,
img_277.png,img_277.png,19,4,False,False,False,False,True,False,False,reviewed,KEEP,
img_278.png,img_278.png,19,1,False,False,False,False,True,False,False,reviewed,KEEP,
img_279.png,img_279.png,4,2,False,False,True,False,False,False,False,reviewed,KEEP,
img_280.png,img_280.png,19,1,False,False,False,False,True,False,False,reviewed,KEEP,
img_281.png,img_281.png,19,4,False,False,False,False,True,False,False,reviewed,KEEP,
img_282.png,img_282.png,19,4,False,False,False,False,True,False,False,reviewed,KEEP,
img_283.png,img_283.png,19,4,False,False,False,False,True,False,False,reviewed,KEEP,
img_284.png,img_284.png,19,1,False,False,True,False,False,False,False,reviewed,KEEP,
img_285.png,img_285.png,19,1,False,False,False,False,True,False,False,reviewed,KEEP,
img_286.png,img_286.png,19,1,False,False,False,False,True,False,False,reviewed,KEEP,
img_287.png,img_287.png,19,1,False,False,False,False,True,False,False,reviewed,KEEP,
img_288.png,img_288.png,19,1,False,False,False,False,True,False,False,reviewed,KEEP,
img_289.png,img_289.png,19,1,False,False,False,False,True,False,False,reviewed,KEEP,
img_290.png,img_290.png,4,2,False,False,False,False,True,False,False,reviewed,KEEP,
img_291.png,img_291.png,19,1,False,False,True,False,False,False,False,reviewed,KEEP,
img_292.png,img_292.png,19,1,False,False,True,False,False,False,False,reviewed,KEEP,
img_293.png,img_293.png,19,1,False,False,True,False,False,False,False,reviewed,KEEP,
img_294.png,img_294.png,19,1,False,False,True,False,False,False,False,reviewed,KEEP,
img_295.png,img_295.png,19,1,False,False,True,False,False,False,False,reviewed,KEEP,
img_296.png,img_296.png,19,1,False,False,False,False,True,False,False,reviewed,KEEP,
img_297.png,img_297.png,19,1,False,False,False,False,True,False,False,reviewed,KEEP,
img_298.png,img_298.png,19,1,False,False,False,False,True,False,False,reviewed,KEEP,
img_299.png,img_299.png,19,1,False,False,False,False,True,False,False,reviewed,KEEP,
img_300.png,img_300.png,19,1,False,False,False,False,True,False,False,reviewed,KEEP,
img_301.png,img_301.png,4,2,False,False,False,False,True,False,False,reviewed,KEEP,
img_302.png,img_302.png,19,1,False,False,True,False,False,False,False,reviewed,KEEP,
img_303.png,img_303.png,19,1,False,False,False,False,True,False,False,reviewed,KEEP,
img_304.png,img_304.png,20,1,False,False,False,False,True,False,False,reviewed,KEEP,
img_305.png,img_305.png,20,1,False,False,False,False,True,False,False,reviewed,KEEP,
img_306.png,img_306.png,20,1,False,False,False,False,True,False,False,reviewed,KEEP,
img_307.png,img_307.png,21,1,False,False,True,False,False,False,False,reviewed,KEEP,
img_308.png,img_308.png,21,1,False,False,True,False,False,False,False,reviewed,KEEP,
img_309.png,img_309.png,21,1,False,False,True,False,False,False,False,reviewed,KEEP,
img_310.png,img_310.png,21,1,False,False,True,False,False,False,False,reviewed,KEEP,
img_311.png,img_311.png,21,1,False,False,True,False,False,False,False,reviewed,KEEP,
img_312.png,img_312.png,4,2,False,False,False,False,True,False,False,reviewed,KEEP,
img_313.png,img_313.png,21,1,False,False,True,False,False,False,False,reviewed,KEEP,
img_314.png,img_314.png,21,1,False,False,True,False,False,False,False,reviewed,KEEP,
img_315.png,img_315.png,21,1,False,False,True,False,False,False,False,reviewed,KEEP,
img_316.png,img_316.png,21,1,False,False,True,False,False,False,False,reviewed,KEEP,
img_317.png,img_317.png,21,1,False,False,True,False,False,False,False,reviewed,KEEP,
img_318.png,img_318.png,21,1,False,False,True,False,False,False,False,reviewed,KEEP,
img_319.png,img_319.png,21,1,False,False,True,False,False,False,False,reviewed,KEEP,
img_320.png,img_320.png,21,1,False,False,True,False,False,False,False,reviewed,KEEP,
img_321.png,img_321.png,22,1,False,False,True,False,False,False,False,reviewed,KEEP,
img_322.png,img_322.png,22,1,False,False,True,False,False,False,False,reviewed,KEEP,
img_323.png,img_323.png,4,2,False,False,False,False,True,False,False,reviewed,KEEP,
img_324.png,img_324.png,22,1,False,False,True,False,False,False,False,reviewed,KEEP,
img_325.png,img_325.png,22,1,False,False,True,False,False,False,False,reviewed,KEEP,
img_326.png,img_326.png,22,1,False,False,True,False,False,False,False,reviewed,KEEP,
img_327.png,img_327.png,22,1,False,False,True,False,False,False,False,reviewed,KEEP,
img_328.png,img_328.png,22,1,False,False,True,False,False,False,False,reviewed,KEEP,
img_329.png,img_329.png,22,1,False,False,True,False,False,False,False,reviewed,KEEP,
img_330.png,img_330.png,22,1,False,False,True,False,False,False,False,reviewed,KEEP,
img_331.png,img_331.png,22,1,False,False,True,False,False,False,False,reviewed,KEEP,
img_332.png,img_332.png,22,1,False,False,True,False,False,False,False,reviewed,KEEP,
img_333.png,img_333.png,22,1,False,False,True,False,False,False,False,reviewed,KEEP,
img_334.png,img_334.png,1,1,False,False,True,False,False,False,False,reviewed,KEEP,
img_335.png,img_335.png,4,2,False,False,False,False,True,False,False,reviewed,KEEP,
img_336.png,img_336.png,22,1,False,False,True,False,False,False,False,reviewed,KEEP,
img_337.png,img_337.png,22,1,False,False,True,False,False,False,False,reviewed,KEEP,
img_338.png,img_338.png,22,1,False,False,True,False,False,False,False,reviewed,KEEP,
img_339.png,img_339.png,22,1,False,False,True,False,False,False,False,reviewed,KEEP,
img_340.png,img_340.png,22,1,False,False,True,False,False,False,False,reviewed,KEEP,
img_341.png,img_341.png,22,1,False,False,True,False,False,False,False,reviewed,KEEP,
img_342.png,img_342.png,22,1,False,True,False,False,False,False,False,reviewed,KEEP,
img_343.png,img_343.png,22,1,False,True,False,False,False,False,False,reviewed,KEEP,
img_344.png,img_344.png,22,1,False,True,False,False,False,False,False,reviewed,KEEP,
img_345.png,img_345.png,22,1,False,False,True,False,False,False,False,reviewed,KEEP,
img_346.png,img_346.png,5,2,False,False,True,False,False,False,False,reviewed,KEEP,
img_347.png,img_347.png,22,1,False,True,False,True,False,False,False,reviewed,KEEP,
img_348.png,img_348.png,22,1,False,True,False,True,False,False,False,reviewed,KEEP,
img_349.png,img_349.png,22,1,False,True,False,True,False,False,False,reviewed,KEEP,
img_350.png,img_350.png,22,1,False,True,False,True,False,False,False,reviewed,KEEP,
img_351.png,img_351.png,22,1,False,True,False,True,False,False,False,reviewed,KEEP,
img_352.png,img_352.png,22,1,False,True,False,True,False,False,False,reviewed,KEEP,
img_353.png,img_353.png,22,1,False,True,False,False,False,False,False,reviewed,KEEP,
img_354.png,img_354.png,22,1,False,True,False,True,False,False,False,reviewed,KEEP,
img_355.png,img_355.png,22,1,False,False,True,False,False,False,False,reviewed,KEEP,
img_356.png,img_356.png,22,1,False,False,True,False,False,False,False,reviewed,KEEP,
img_357.png,img_357.png,5,2,False,False,True,False,False,False,False,reviewed,KEEP,
img_358.png,img_358.png,22,1,False,False,True,False,False,False,False,reviewed,KEEP,
img_359.png,img_359.png,22,1,False,False,True,False,False,False,False,reviewed,KEEP,
img_360.png,img_360.png,22,1,False,False,True,False,False,False,False,reviewed,KEEP,
img_361.png,img_361.png,23,1,False,False,True,False,False,False,False,reviewed,KEEP,
img_362.png,img_362.png,23,1,False,False,True,False,False,False,False,reviewed,KEEP,
img_363.png,img_363.png,23,1,False,False,True,False,False,False,False,reviewed,KEEP,
img_364.png,img_364.png,23,1,False,False,True,False,False,False,False,reviewed,KEEP,
img_365.png,img_365.png,23,1,False,False,True,False,False,False,False,reviewed,KEEP,
img_366.png,img_366.png,23,1,False,False,True,False,False,False,False,reviewed,KEEP,
img_367.png,img_367.png,23,1,False,False,True,False,False,False,False,reviewed,KEEP,
img_368.png,img_368.png,5,2,False,False,True,False,False,False,False,reviewed,KEEP,
img_369.png,img_369.png,23,1,False,False,True,False,False,False,False,reviewed,KEEP,
img_370.png,img_370.png,24,1,False,False,True,False,False,False,False,reviewed,KEEP,
img_371.png,img_371.png,24,1,False,False,True,False,False,False,False,reviewed,KEEP,
img_372.png,img_372.png,24,1,False,False,True,False,False,False,False,reviewed,KEEP,
img_373.png,img_373.png,24,1,False,False,True,False,False,False,False,reviewed,KEEP,
img_374.png,img_374.png,24,1,False,False,True,False,False,False,False,reviewed,KEEP,
img_375.png,img_375.png,25,1,False,False,True,False,False,False,False,reviewed,KEEP,
img_376.png,img_376.png,25,4,False,False,True,False,False,False,False,reviewed,KEEP,
img_377.png,img_377.png,25,1,False,False,True,False,False,False,False,reviewed,KEEP,
img_378.png,img_378.png,25,1,False,False,True,False,False,False,False,reviewed,KEEP,
img_379.png,img_379.png,5,2,False,False,True,False,False,False,False,reviewed,KEEP,
img_380.png,img_380.png,25,1,False,False,True,False,False,False,False,reviewed,KEEP,
img_381.png,img_381.png,25,1,False,False,True,False,False,False,False,reviewed,KEEP,
img_382.png,img_382.png,25,1,False,False,True,False,False,False,False,reviewed,KEEP,
img_383.png,img_383.png,25,1,False,False,True,False,False,False,False,reviewed,KEEP,
img_384.png,img_384.png,25,1,False,False,True,False,False,False,False,reviewed,KEEP,
img_385.png,img_385.png,25,1,False,False,True,False,False,False,False,reviewed,KEEP,
img_386.png,img_386.png,25,1,False,False,True,False,False,False,False,reviewed,KEEP,
img_387.png,img_387.png,25,1,False,False,True,False,False,False,False,reviewed,KEEP,
img_388.png,img_388.png,25,1,False,False,True,False,False,False,False,reviewed,KEEP,
img_389.png,img_389.png,25,1,False,False,True,False,False,False,False,reviewed,KEEP,
img_390.png,img_390.png,5,2,False,False,True,False,False,False,False,reviewed,KEEP,
img_391.png,img_391.png,25,1,False,False,True,False,False,False,False,reviewed,KEEP,
img_392.png,img_392.png,25,1,False,False,True,False,False,False,False,reviewed,KEEP,
img_393.png,img_393.png,25,1,False,False,True,False,False,False,False,reviewed,KEEP,
img_394.png,img_394.png,25,1,False,False,True,False,False,False,False,reviewed,KEEP,
img_395.png,img_395.png,25,1,False,False,True,False,False,False,False,reviewed,KEEP,
img_396.png,img_396.png,25,1,False,False,True,False,False,False,False,reviewed,KEEP,
img_397.png,img_397.png,25,1,False,False,True,False,False,False,False,reviewed,KEEP,
img_398.png,img_398.png,25,1,False,False,True,False,False,False,False,reviewed,KEEP,
img_399.png,img_399.png,25,1,False,False,True,False,False,False,False,reviewed,KEEP,
img_400.png,img_400.png,25,1,False,False,True,False,False,False,False,reviewed,KEEP,
img_401.png,img_401.png,5,2,False,False,True,False,False,False,False,reviewed,KEEP,
img_402.png,img_402.png,25,1,False,False,True,False,False,False,False,reviewed,KEEP,
img_403.png,img_403.png,25,1,False,False,True,False,False,False,False,reviewed,KEEP,
img_404.png,img_404.png,25,5,False,False,True,False,False,False,False,reviewed,KEEP,
img_405.png,img_405.png,25,5,False,False,True,False,False,False,False,reviewed,KEEP,
img_406.png,img_406.png,25,5,False,False,True,False,False,False,False,reviewed,KEEP,
img_407.png,img_407.png,25,5,False,False,True,False,False,False,False,reviewed,KEEP,
img_408.png,img_408.png,25,5,False,False,True,False,False,False,False,reviewed,KEEP,
img_409.png,img_409.png,25,5,False,False,True,False,False,False,False,reviewed,KEEP,
img_410.png,img_410.png,25,5,False,False,True,False,False,False,False,reviewed,KEEP,
img_411.png,img_411.png,25,5,False,False,False,False,True,False,False,reviewed,KEEP,
img_412.png,img_412.png,5,2,False,False,True,False,False,False,False,reviewed,KEEP,
img_413.png,img_413.png,25,5,False,False,False,False,True,False,False,reviewed,KEEP,
img_414.png,img_414.png,25,5,False,False,False,False,True,False,False,reviewed,KEEP,
img_415.png,img_415.png,25,5,False,False,False,False,True,False,False,reviewed,KEEP,
img_416.png,img_416.png,25,5,False,False,True,False,False,False,False,reviewed,KEEP,
img_417.png,img_417.png,26,4,False,False,True,False,False,False,False,reviewed,KEEP,
img_418.png,img_418.png,26,4,False,False,True,False,False,False,False,reviewed,KEEP,
img_419.png,img_419.png,26,4,False,False,True,False,False,False,False,reviewed,KEEP,
img_420.png,img_420.png,26,4,False,False,True,False,False,False,False,reviewed,KEEP,
img_421.png,img_421.png,26,4,False,False,True,False,False,False,False,reviewed,KEEP,
img_422.png,img_422.png,26,4,False,False,True,False,False,False,False,reviewed,KEEP,
img_423.png,img_423.png,6,1,False,False,False,False,False,True,False,reviewed,KEEP,
img_424.png,img_424.png,26,4,False,False,True,False,False,False,False,reviewed,KEEP,
img_425.png,img_425.png,26,4,False,False,True,False,False,False,False,reviewed,KEEP,
img_426.png,img_426.png,26,4,False,False,True,False,False,False,False,reviewed,KEEP,
img_427.png,img_427.png,27,1,False,False,True,False,False,False,False,reviewed,KEEP,
img_428.png,img_428.png,27,1,False,False,True,False,False,False,False,reviewed,KEEP,
img_429.png,img_429.png,27,1,False,False,True,False,False,False,False,reviewed,KEEP,
img_430.png,img_430.png,27,1,False,False,True,False,False,False,False,reviewed,KEEP,
img_431.png,img_431.png,27,1,False,False,True,False,False,False,False,reviewed,KEEP,
img_432.png,img_432.png,27,4,False,False,True,False,False,False,False,reviewed,KEEP,
img_433.png,img_433.png,27,1,False,False,True,False,False,False,False,reviewed,KEEP,
img_434.png,img_434.png,6,1,False,False,False,False,False,True,False,reviewed,KEEP,
img_435.png,img_435.png,27,1,False,False,True,False,False,False,False,reviewed,KEEP,
img_436.png,img_436.png,27,1,False,False,True,False,False,False,False,reviewed,KEEP,
img_437.png,img_437.png,27,1,False,False,True,False,False,False,False,reviewed,KEEP,
img_438.png,img_438.png,27,1,False,False,True,False,False,False,False,reviewed,KEEP,
img_439.png,img_439.png,27,1,False,False,True,False,False,False,False,reviewed,KEEP,
img_440.png,img_440.png,27,1,False,False,True,False,False,False,False,reviewed,KEEP,
img_441.png,img_441.png,27,1,False,False,True,False,False,False,False,reviewed,KEEP,
img_442.png,img_442.png,27,1,False,False,True,False,False,False,False,reviewed,KEEP,
img_443.png,img_443.png,27,1,False,False,True,False,False,False,False,reviewed,KEEP,
img_444.png,img_444.png,27,1,False,False,True,False,False,False,False,reviewed,KEEP,
img_445.png,img_445.png,1,1,False,False,True,False,False,False,False,reviewed,KEEP,
img_446.png,img_446.png,6,1,False,False,False,False,False,True,False,reviewed,KEEP,
img_447.png,img_447.png,27,1,False,False,True,False,False,False,False,reviewed,KEEP,
img_448.png,img_448.png,27,5,False,False,True,False,False,False,False,reviewed,KEEP,
img_449.png,img_449.png,27,5,False,False,True,False,False,False,False,reviewed,KEEP,
img_512.png,img_512.png,6,1,False,False,False,False,False,True,False,reviewed,KEEP,
img_549.png,img_549.png,28,6,True,False,False,False,False,False,False,reviewed,KEEP,
img_550.png,img_550.png,28,6,True,False,False,False,False,False,False,reviewed,KEEP,
img_551.png,img_551.png,28,6,True,False,False,False,False,False,False,reviewed,KEEP,
img_552.png,img_552.png,28,6,True,False,False,False,False,False,False,reviewed,KEEP,
img_553.png,img_553.png,28,6,True,False,False,False,False,False,False,reviewed,KEEP,
img_554.png,img_554.png,29,7,True,False,False,False,False,True,False,reviewed,KEEP,
img_555.png,img_555.png,29,7,True,False,False,False,False,True,False,reviewed,KEEP,
img_556.png,img_556.png,1,1,False,False,True,False,False,False,False,reviewed,KEEP,
img_557.png,img_557.png,6,1,False,False,True,False,False,False,False,reviewed,KEEP,
img_558.png,img_558.png,29,7,True,False,False,False,False,True,False,reviewed,KEEP,
img_559.png,img_559.png,29,7,True,False,False,False,False,True,False,reviewed,KEEP,
img_560.png,img_560.png,29,7,True,False,False,False,False,True,False,reviewed,KEEP,
img_561.png,img_561.png,30,8,True,False,False,False,False,True,False,reviewed,KEEP,
img_562.png,img_562.png,30,8,True,False,False,False,False,True,False,reviewed,KEEP,
img_563.png,img_563.png,30,8,True,False,False,False,False,True,False,reviewed,KEEP,
img_564.png,img_564.png,30,8,True,False,False,False,False,True,False,reviewed,KEEP,
img_565.png,img_565.png,30,8,True,False,False,False,False,True,False,reviewed,KEEP,
img_566.png,img_566.png,30,8,True,False,False,False,False,True,False,reviewed,KEEP,
img_567.png,img_567.png,30,8,True,False,False,False,False,True,False,reviewed,KEEP,
img_568.png,img_568.png,6,1,False,False,True,False,False,False,False,reviewed,KEEP,
img_569.png,img_569.png,31,8,True,False,False,False,False,False,False,reviewed,KEEP,
img_570.png,img_570.png,31,8,True,False,False,False,False,False,False,reviewed,KEEP,
img_571.png,img_571.png,31,8,True,False,False,False,False,False,False,reviewed,KEEP,
img_572.png,img_572.png,31,8,True,False,False,False,False,False,False,reviewed,KEEP,
img_573.png,img_573.png,31,8,True,False,False,False,False,False,False,reviewed,KEEP,
img_574.png,img_574.png,31,8,True,False,False,False,False,False,False,reviewed,KEEP,
img_575.png,img_575.png,31,8,True,False,False,False,False,False,False,reviewed,KEEP,
img_576.png,img_576.png,31,8,True,False,False,False,False,False,False,reviewed,KEEP,
img_577.png,img_577.png,31,8,True,False,False,False,False,False,False,reviewed,KEEP,
img_578.png,img_578.png,32,7,True,False,False,False,False,False,False,reviewed,KEEP,
img_579.png,img_579.png,6,1,False,False,True,False,False,False,False,reviewed,KEEP,
img_580.png,img_580.png,32,7,True,False,False,False,False,False,False,reviewed,KEEP,
img_581.png,img_581.png,32,7,True,False,False,False,False,False,False,reviewed,KEEP,
img_582.png,img_582.png,32,7,True,False,False,False,False,False,False,reviewed,KEEP,
img_583.png,img_583.png,32,7,True,False,False,False,False,False,False,reviewed,KEEP,
img_584.png,img_584.png,32,7,True,False,False,False,False,False,False,reviewed,KEEP,
img_585.png,img_585.png,32,7,True,False,False,False,False,False,False,reviewed,KEEP,
img_586.png,img_586.png,32,7,True,False,False,False,False,False,False,reviewed,KEEP,
img_587.png,img_587.png,32,7,True,False,False,False,False,False,False,reviewed,KEEP,
img_588.png,img_588.png,33,7,True,False,False,False,False,False,False,reviewed,KEEP,
img_589.png,img_589.png,33,7,True,False,False,False,False,False,False,reviewed,KEEP,
img_590.png,img_590.png,6,1,False,False,True,False,False,False,False,reviewed,KEEP,
img_591.png,img_591.png,33,7,True,False,False,False,False,False,False,reviewed,KEEP,
img_592.png,img_592.png,33,7,True,False,False,False,False,False,False,reviewed,KEEP,
img_593.png,img_593.png,33,7,True,False,False,False,False,False,False,reviewed,KEEP,
img_594.png,img_594.png,33,7,True,False,False,False,False,False,False,reviewed,KEEP,
img_595.png,img_595.png,33,7,True,False,False,False,False,False,False,reviewed,KEEP,
img_596.png,img_596.png,33,7,True,False,False,False,False,False,False,reviewed,KEEP,
img_597.png,img_597.png,33,7,True,False,False,False,False,False,False,reviewed,KEEP,
img_598.png,img_598.png,34,9,True,False,False,False,False,False,False,reviewed,KEEP,
img_599.png,img_599.png,34,9,True,False,False,False,False,False,False,reviewed,KEEP,
img_600.png,img_600.png,34,9,True,False,False,False,False,False,False,reviewed,KEEP,
img_601.png,img_601.png,6,1,False,False,True,False,False,False,False,reviewed,KEEP,
img_602.png,img_602.png,34,9,True,False,False,False,False,False,False,reviewed,KEEP,
img_603.png,img_603.png,34,9,True,False,False,False,False,False,False,reviewed,KEEP,
img_604.png,img_604.png,34,9,True,False,False,False,False,False,False,reviewed,KEEP,
img_605.png,img_605.png,35,10,False,True,False,False,False,False,False,reviewed,KEEP,
img_606.png,img_606.png,35,10,False,True,False,False,False,False,False,reviewed,KEEP,
img_607.png,img_607.png,35,10,False,True,False,False,False,False,False,reviewed,KEEP,
img_608.png,img_608.png,35,10,False,True,False,False,False,False,False,reviewed,KEEP,
img_609.png,img_609.png,35,10,False,True,False,False,False,False,False,reviewed,KEEP,
img_610.png,img_610.png,35,10,False,True,False,False,False,False,False,reviewed,KEEP,
img_611.png,img_611.png,35,10,False,True,False,False,False,False,False,reviewed,KEEP,
img_612.png,img_612.png,6,1,False,False,True,False,False,False,False,reviewed,KEEP,
img_613.png,img_613.png,35,10,False,True,False,False,False,False,False,reviewed,KEEP,
img_614.png,img_614.png,36,10,False,True,False,False,False,False,False,reviewed,KEEP,
img_615.png,img_615.png,36,11,False,True,False,False,False,False,False,reviewed,KEEP,
img_616.png,img_616.png,36,10,False,True,False,False,False,False,False,reviewed,KEEP,
img_617.png,img_617.png,36,10,False,True,False,False,True,False,False,reviewed,KEEP,
img_618.png,img_618.png,36,11,False,True,False,False,False,False,False,reviewed,KEEP,
img_619.png,img_619.png,36,11,False,True,False,False,False,False,False,reviewed,KEEP,
img_620.png,img_620.png,36,11,False,True,False,False,True,False,False,reviewed,KEEP,
img_621.png,img_621.png,36,11,False,True,False,False,True,False,False,reviewed,KEEP,
img_622.png,img_622.png,37,12,False,True,False,False,True,False,False,reviewed,KEEP,
img_623.png,img_623.png,6,1,False,False,True,False,False,False,False,reviewed,KEEP,
img_624.png,img_624.png,37,12,False,True,False,False,False,False,False,reviewed,KEEP,
img_625.png,img_625.png,37,12,False,True,False,True,False,False,True,reviewed,KEEP,
img_626.png,img_626.png,37,12,False,True,False,True,False,False,True,reviewed,KEEP,
img_627.png,img_627.png,37,12,False,True,False,False,True,False,False,reviewed,KEEP,
img_628.png,img_628.png,37,12,False,True,False,False,False,False,False,reviewed,KEEP,
img_629.png,img_629.png,37,10,False,True,False,False,False,False,False,reviewed,KEEP,
img_630.png,img_630.png,37,10,False,True,False,False,False,False,False,reviewed,KEEP,
img_631.png,img_631.png,37,10,False,True,False,False,False,False,False,reviewed,KEEP,
img_632.png,img_632.png,37,10,False,True,False,False,False,False,False,reviewed,KEEP,
img_633.png,img_633.png,37,10,False,True,False,False,True,False,False,reviewed,KEEP,
img_634.png,img_634.png,6,2,False,False,True,False,False,False,False,reviewed,KEEP,
img_635.png,img_635.png,38,13,False,False,True,False,False,False,False,reviewed,KEEP,
img_636.png,img_636.png,38,13,False,False,True,False,False,False,False,reviewed,KEEP,
img_637.png,img_637.png,38,13,False,False,True,False,False,False,False,reviewed,KEEP,
img_638.png,img_638.png,38,13,False,False,True,False,False,False,False,reviewed,KEEP,
img_639.png,img_639.png,38,13,False,False,True,False,False,False,False,reviewed,KEEP,
img_640.png,img_640.png,38,13,False,False,True,False,False,False,False,reviewed,KEEP,
img_641.png,img_641.png,38,13,False,False,True,False,False,False,False,reviewed,KEEP,
img_642.png,img_642.png,38,11,False,False,False,False,True,False,False,reviewed,KEEP,
img_643.png,img_643.png,38,11,False,False,True,False,False,False,False,reviewed,KEEP,
img_644.png,img_644.png,38,11,False,False,True,False,False,False,False,reviewed,KEEP,
img_645.png,img_645.png,6,2,False,False,True,False,False,False,False,reviewed,KEEP,
img_646.png,img_646.png,38,14,False,True,False,False,False,False,False,reviewed,KEEP,
img_647.png,img_647.png,38,14,False,True,False,False,False,False,False,reviewed,KEEP,
img_648.png,img_648.png,38,14,False,True,False,False,False,False,False,reviewed,KEEP,
img_649.png,img_649.png,38,14,False,True,False,False,False,False,False,reviewed,KEEP,
img_650.png,img_650.png,38,14,False,True,False,False,False,False,False,reviewed,KEEP,
img_651.png,img_651.png,38,11,False,True,False,False,False,False,False,reviewed,KEEP,
img_652.png,img_652.png,38,11,False,True,False,False,False,False,False,reviewed,KEEP,
img_653.png,img_653.png,38,11,False,True,False,False,False,False,False,reviewed,KEEP,
img_654.png,img_654.png,38,11,False,True,False,False,False,False,False,reviewed,KEEP,
img_655.png,img_655.png,38,11,False,True,False,False,False,False,False,reviewed,KEEP,
img_656.png,img_656.png,6,2,False,False,True,False,False,False,False,reviewed,KEEP,
img_666.png,img_666.png,39,,False,True,False,True,False,False,True,reviewed,REJECT,
img_667.png,img_667.png,1,1,False,False,True,False,False,False,False,reviewed,KEEP,
img_668.png,img_668.png,6,2,False,False,False,False,True,False,False,reviewed,KEEP,
img_669.png,img_669.png,39,15,False,True,False,False,False,False,False,reviewed,REJECT,
img_670.png,img_670.png,39,15,False,True,False,False,True,False,False,reviewed,REJECT,
img_671.png,img_671.png,40,,False,True,False,True,True,False,True,reviewed,REJECT,
img_672.png,img_672.png,40,,False,True,False,True,True,False,True,reviewed,REJECT,
img_673.png,img_673.png,40,,False,True,False,True,True,False,True,reviewed,REJECT,
img_674.png,img_674.png,40,16,False,True,False,False,False,False,False,reviewed,REJECT,
img_675.png,img_675.png,40,,False,True,False,False,False,False,False,reviewed,REJECT,
img_676.png,img_676.png,40,16,False,True,False,False,False,False,False,reviewed,REJECT,
img_677.png,img_677.png,40,16,False,True,False,False,False,False,False,reviewed,REJECT,
img_678.png,img_678.png,40,16,False,True,False,False,False,False,False,reviewed,REJECT,
img_679.png,img_679.png,6,2,False,False,True,False,False,False,False,reviewed,KEEP,
img_680.png,img_680.png,40,17,False,True,False,False,False,False,False,reviewed,KEEP,
img_681.png,img_681.png,40,17,False,True,False,False,False,False,False,reviewed,KEEP,
img_682.png,img_682.png,40,18,False,True,False,False,True,False,False,reviewed,KEEP,
img_683.png,img_683.png,40,18,False,True,False,False,True,False,False,reviewed,KEEP,
img_684.png,img_684.png,40,17,False,True,False,False,False,False,False,reviewed,KEEP,
img_685.png,img_685.png,40,18,False,True,False,False,False,False,False,reviewed,KEEP,
img_706.png,img_706.png,6,2,False,False,False,False,True,False,False,reviewed,KEEP,
img_707.png,img_707.png,6,1,False,False,True,False,False,False,False,reviewed,KEEP,
img_708.png,img_708.png,6,2,False,False,True,False,False,False,False,reviewed,KEEP,
img_709.png,img_709.png,6,2,False,False,True,False,False,False,False,reviewed,KEEP,
img_710.png,img_710.png,6,2,False,False,True,False,False,False,False,reviewed,KEEP,
img_711.png,img_711.png,6,2,False,False,True,False,False,False,False,reviewed,KEEP,
img_712.png,img_712.png,1,1,False,False,True,False,False,False,False,reviewed,KEEP,
img_713.png,img_713.png,6,2,False,False,True,False,False,False,False,reviewed,KEEP,
img_714.png,img_714.png,6,2,False,False,True,False,False,False,False,reviewed,KEEP,
img_715.png,img_715.png,6,2,False,False,True,False,False,False,False,reviewed,KEEP,
img_716.png,img_716.png,6,2,False,False,True,False,False,False,False,reviewed,KEEP,
img_717.png,img_717.png,6,2,False,False,True,False,False,False,False,reviewed,KEEP,
img_718.png,img_718.png,6,1,False,False,False,False,True,False,False,reviewed,KEEP,
img_719.png,img_719.png,6,1,False,False,False,False,True,False,False,reviewed,KEEP,
img_720.png,img_720.png,6,1,False,False,True,False,False,False,False,reviewed,KEEP,
img_721.png,img_721.png,6,1,False,False,True,False,False,False,False,reviewed,KEEP,
img_722.png,img_722.png,6,1,False,False,False,False,True,False,False,reviewed,KEEP,
img_723.png,img_723.png,2,1,False,False,True,False,False,False,False,reviewed,KEEP,
img_724.png,img_724.png,6,1,False,False,True,False,False,False,False,reviewed,KEEP,
img_725.png,img_725.png,6,1,False,False,False,False,True,False,False,reviewed,KEEP,
img_726.png,img_726.png,6,1,False,False,False,False,True,False,False,reviewed,KEEP,
img_727.png,img_727.png,6,1,False,False,False,False,False,True,False,reviewed,KEEP,
img_728.png,img_728.png,6,1,False,False,False,False,False,True,False,reviewed,KEEP,
img_729.png,img_729.png,6,1,False,False,False,False,False,True,False,reviewed,KEEP,
img_730.png,img_730.png,6,1,False,False,False,False,False,True,False,reviewed,KEEP,
img_731.png,img_731.png,7,1,False,False,True,False,False,False,False,reviewed,KEEP,
img_732.png,img_732.png,7,1,False,False,True,False,False,False,False,reviewed,KEEP,
img_733.png,img_733.png,7,1,False,False,True,False,False,False,False,reviewed,KEEP,
