path,damaged_bottle,damaged_label,missing_cap,missing_label,skewed_bottle,skewed_label,tilt_cap,water_level,reviewed
+ve/snap_001.jpg,0,0,0,0,0,0,0,0,1
+ve/snap_002.jpg,0,0,0,0,0,0,0,0,1
+ve/snap_003.jpg,0,0,0,0,0,0,0,0,1
+ve/snap_004.jpg,0,0,0,0,0,0,0,0,1
+ve/snap_005.jpg,0,0,0,0,0,0,0,0,1
+ve/snap_006.jpg,0,0,0,0,0,0,0,0,1
+ve/snap_007.jpg,0,0,0,0,0,0,0,0,1
+ve/snap_008.jpg,0,0,0,0,0,0,0,0,1
+ve/snap_009.jpg,0,0,0,0,0,0,0,0,1
+ve/snap_010.jpg,0,0,0,0,0,0,0,0,1
+ve/snap_011.jpg,0,0,0,0,0,0,0,0,1
+ve/snap_012.jpg,0,0,0,0,0,0,0,0,1
+ve/snap_013.jpg,0,0,0,0,0,0,0,0,1
+ve/snap_014.jpg,0,0,0,0,0,0,0,0,1
+ve/snap_015.jpg,0,0,0,0,0,0,0,0,1
+ve/snap_016.jpg,0,0,0,0,0,0,0,0,1
+ve/snap_017.jpg,0,0,0,0,0,0,0,0,1
+ve/snap_018.jpg,0,0,0,0,0,0,0,0,1
+ve/snap_019.jpg,0,0,0,0,0,0,0,0,1
+ve/snap_020.jpg,0,0,0,0,0,0,0,0,1
+ve/snap_021.jpg,0,0,0,0,0,0,0,0,1
+ve/snap_022.jpg,0,0,0,0,0,0,0,0,1
+ve/snap_023.jpg,0,0,0,0,0,0,0,0,1
+ve/snap_024.jpg,0,0,0,0,0,0,0,0,1
+ve/snap_025.jpg,0,0,0,0,0,0,0,0,1
+ve/snap_026.jpg,0,0,0,0,0,0,0,0,1
+ve/snap_027.jpg,0,0,0,0,0,0,0,0,1
+ve/snap_028.jpg,0,0,0,0,0,0,0,0,1
+ve/snap_029.jpg,0,0,0,0,0,0,0,0,1
+ve/snap_030.jpg,0,0,0,0,0,0,0,0,1
+ve/snap_031.jpg,0,0,0,0,0,0,0,0,1
+ve/snap_032.jpg,0,0,0,0,0,0,0,0,1
+ve/snap_033.jpg,0,0,0,0,0,0,0,0,1
+ve/snap_034.jpg,0,0,0,0,0,0,0,0,1
+ve/snap_035.jpg,0,0,0,0,0,0,0,0,1
+ve/snap_036.jpg,0,0,0,0,0,0,0,0,1
+ve/snap_037.jpg,0,0,0,0,0,0,0,0,1
+ve/snap_038.jpg,0,0,0,0,0,0,0,0,1
+ve/snap_039.jpg,0,0,0,0,0,0,0,0,1
+ve/snap_040.jpg,0,0,0,0,0,0,0,0,1
+ve/snap_041.jpg,0,0,0,0,0,0,0,0,1
+ve/snap_042.jpg,0,0,0,0,0,0,0,0,1
+ve/snap_043.jpg,0,0,0,0,0,0,0,0,1
+ve/snap_044.jpg,0,0,0,0,0,0,0,0,1
+ve/snap_045.jpg,0,0,0,0,0,0,0,0,1
+ve/snap_046.jpg,0,0,0,0,0,0,0,0,1
+ve/snap_047.jpg,0,0,0,0,0,0,0,0,1
+ve/snap_048.jpg,0,0,0,0,0,0,0,0,1
+ve/snap_049.jpg,0,0,0,0,0,0,0,0,1
+ve/snap_050.jpg,0,0,0,0,0,0,0,0,1
+ve/snap_051.jpg,0,0,0,0,0,0,0,0,1
+ve/snap_052.jpg,0,0,0,0,0,0,0,0,1
+ve/snap_053.jpg,0,0,0,0,0,0,0,0,1
+ve/snap_054.jpg,0,0,0,0,0,0,0,0,1
+ve/snap_055.jpg,0,0,0,0,0,0,0,0,1
+ve/snap_056.jpg,0,0,0,0,0,0,0,0,1
+ve/snap_057.jpg,0,0,0,0,0,0,0,0,1
+ve/snap_058.jpg,0,0,0,0,0,0,0,0,1
+ve/snap_059.jpg,0,0,0,0,0,0,0,0,1
+ve/snap_060.jpg,0,0,0,0,0,0,0,0,1
+ve/snap_061.jpg,0,0,0,0,0,0,0,0,1
+ve/snap_062.jpg,0,0,0,0,0,0,0,0,1
+ve/snap_063.jpg,0,0,0,0,0,0,0,0,1
+ve/snap_064.jpg,0,0,0,0,0,0,0,0,1
+ve/snap_065.jpg,0,0,0,0,0,0,0,0,1
+ve/snap_066.jpg,0,0,0,0,0,0,0,0,1
+ve/snap_067.jpg,0,0,0,0,0,0,0,0,1
+ve/snap_068.jpg,0,0,0,0,0,0,0,0,1
+ve/snap_069.jpg,0,0,0,0,0,0,0,0,1
+ve/snap_070.jpg,0,0,0,0,0,0,0,0,1
+ve/snap_071.jpg,0,0,0,0,0,0,0,0,1
+ve/snap_072.jpg,0,0,0,0,0,0,0,0,1
-ve/Damaged Bottle/snap_879.jpg,1,0,0,0,0,0,0,0,1
-ve/Damaged Bottle/snap_880.jpg,1,0,0,0,0,0,0,0,1
-ve/Damaged Bottle/snap_881.jpg,1,0,0,0,0,0,0,0,1
-ve/Damaged Bottle/snap_882.jpg,1,0,0,0,0,0,0,0,1
-ve/Damaged Bottle/snap_883.jpg,1,0,0,0,0,0,0,0,1
-ve/Damaged Bottle/snap_884.jpg,1,0,0,0,0,0,0,0,1
-ve/Damaged Bottle/snap_885.jpg,1,0,0,0,0,0,0,0,1
-ve/Damaged Bottle/snap_886.jpg,1,0,0,0,0,0,0,0,1
-ve/Damaged Bottle/snap_887.jpg,1,0,0,0,0,0,0,0,1
-ve/Damaged Bottle/snap_888.jpg,1,0,0,0,0,0,0,0,1
-ve/Damaged Bottle/snap_889.jpg,1,0,0,0,0,0,0,0,1
-ve/Damaged Bottle/snap_890.jpg,1,0,0,0,0,0,0,0,1
-ve/Damaged Bottle/snap_891.jpg,1,0,0,0,0,0,0,0,1
-ve/Damaged Bottle/snap_892.jpg,1,0,0,0,0,0,0,0,1
-ve/Damaged Bottle/snap_893.jpg,1,0,0,0,0,0,0,0,1
-ve/Damaged Bottle/snap_894.jpg,1,0,0,0,0,0,0,0,1
-ve/Damaged Bottle/snap_895.jpg,1,0,0,0,0,0,0,0,1
-ve/Damaged Bottle/snap_896.jpg,1,0,0,0,0,0,0,0,1
-ve/Damaged Bottle/snap_897.jpg,1,0,0,0,0,0,0,0,1
-ve/Damaged Bottle/snap_898.jpg,1,0,0,0,0,0,0,0,1
-ve/Damaged Bottle/snap_899.jpg,1,0,0,0,0,0,0,0,1
-ve/Damaged Bottle/snap_900.jpg,1,0,0,0,0,0,0,0,1
-ve/Damaged Bottle/snap_901.jpg,1,0,0,0,0,0,0,0,1
-ve/Damaged Bottle/snap_902.jpg,1,0,0,0,0,0,0,0,1
-ve/Damaged Bottle/snap_903.jpg,1,0,0,0,0,0,0,0,1
-ve/Damaged Bottle/snap_904.jpg,1,0,0,0,0,0,0,0,1
-ve/Damaged Bottle/snap_905.jpg,1,0,0,0,0,0,0,0,1
-ve/Damaged Bottle/snap_906.jpg,1,0,0,0,0,0,0,0,1
-ve/Damaged Bottle/snap_907.jpg,1,0,0,0,0,0,0,0,1
-ve/Damaged Bottle/snap_908.jpg,1,0,0,0,0,0,0,0,1
-ve/Damaged Bottle/snap_909.jpg,1,0,0,0,0,0,0,0,1
-ve/Damaged Bottle/snap_910.jpg,1,0,0,0,0,0,0,0,1
-ve/Damaged Bottle/snap_911.jpg,1,0,0,0,0,0,0,0,1
-ve/Damaged Bottle/snap_912.jpg,1,0,0,0,0,0,0,0,1
-ve/Damaged Bottle/snap_913.jpg,1,0,0,0,0,0,0,0,1
-ve/Damaged Bottle/snap_914.jpg,1,0,0,0,0,0,0,0,1
-ve/Damaged Bottle/snap_915.jpg,1,0,0,0,0,0,0,0,1
-ve/Damaged Bottle/snap_916.jpg,1,0,0,0,0,0,0,0,1
-ve/Damaged Bottle/snap_917.jpg,1,0,0,0,0,0,0,0,1
-ve/Damaged Bottle/snap_918.jpg,1,0,0,0,0,0,0,0,1
-ve/Damaged Bottle/snap_919.jpg,1,0,0,0,0,0,0,0,1
-ve/Damaged Bottle/snap_920.jpg,1,0,0,0,0,0,0,0,1
-ve/Damaged Bottle/snap_921.jpg,1,0,0,0,0,0,0,0,1
-ve/Damaged Bottle/snap_922.jpg,1,0,0,0,0,0,0,0,1
-ve/Damaged Bottle/snap_923.jpg,1,0,0,0,0,0,0,0,1
-ve/Damaged Bottle/snap_924.jpg,1,0,0,0,0,0,0,0,1
-ve/Damaged Bottle/snap_925.jpg,1,0,0,0,0,0,0,0,1
-ve/Damaged Bottle/snap_926.jpg,1,0,0,0,0,0,0,0,1
-ve/Damaged Bottle/snap_927.jpg,1,0,0,0,0,0,0,0,1
-ve/Damaged Bottle/snap_928.jpg,1,0,0,0,0,0,0,0,1
-ve/Damaged Bottle/snap_929.jpg,1,0,0,0,0,0,0,0,1
-ve/Damaged Bottle/snap_930.jpg,1,0,0,0,0,0,0,0,1
-ve/Damaged Bottle/snap_931.jpg,1,0,0,0,0,0,0,0,1
-ve/Damaged Bottle/snap_932.jpg,1,0,0,0,0,0,0,0,1
-ve/Damaged Bottle/snap_933.jpg,1,0,0,0,0,0,0,0,1
-ve/Damaged Bottle/snap_934.jpg,1,0,0,0,0,0,0,0,1
-ve/Damaged Bottle/snap_935.jpg,1,0,0,0,0,0,0,0,1
-ve/Damaged Bottle/snap_936.jpg,1,0,0,0,0,0,0,0,1
-ve/Damaged Bottle/snap_937.jpg,1,0,0,0,0,0,0,0,1
-ve/Damaged Bottle/snap_938.jpg,1,0,0,0,0,0,0,0,1
-ve/Damaged Bottle/snap_939.jpg,1,0,0,0,0,0,0,0,1
-ve/Damaged Bottle/snap_940.jpg,1,0,0,0,0,0,0,0,1
-ve/Damaged Bottle/snap_941.jpg,1,0,0,0,0,0,0,0,1
-ve/Damaged Bottle/snap_942.jpg,1,0,0,0,0,0,0,0,1
-ve/Damaged Bottle/snap_943.jpg,1,0,0,0,0,0,0,0,1
-ve/Damaged Bottle/snap_944.jpg,1,0,0,0,0,0,0,0,1
-ve/Damaged Bottle/snap_945.jpg,1,0,0,0,0,0,0,0,1
-ve/Damaged Bottle/snap_946.jpg,1,0,0,0,0,0,0,0,1
-ve/Damaged Bottle/snap_947.jpg,1,0,0,0,0,0,0,0,1
-ve/Damaged Bottle/snap_948.jpg,1,0,0,0,0,0,0,0,1
-ve/Damaged Bottle/snap_949.jpg,1,0,0,0,0,0,0,0,1
-ve/Damaged Bottle/snap_950.jpg,1,0,0,0,0,0,0,0,1
-ve/Damaged Bottle/snap_951.jpg,1,0,0,0,0,0,0,0,1
-ve/Damaged Bottle/snap_952.jpg,1,0,0,0,0,0,0,0,1
-ve/Damaged Bottle/snap_953.jpg,1,0,0,0,0,0,0,0,1
-ve/Damaged Bottle/snap_954.jpg,1,0,0,0,0,0,0,0,1
-ve/Damaged Bottle/snap_955.jpg,1,0,0,0,0,0,0,0,1
-ve/Damaged Bottle/snap_956.jpg,1,0,0,0,0,0,0,0,1
-ve/Damaged Bottle/snap_957.jpg,1,0,0,0,0,0,0,0,1
-ve/Damaged Bottle/snap_958.jpg,1,0,0,0,0,0,0,0,1
-ve/Damaged Bottle/snap_959.jpg,1,0,0,0,0,0,0,0,1
-ve/Damaged Bottle/snap_960.jpg,1,0,0,0,0,0,0,0,1
-ve/Damaged Bottle/snap_961.jpg,1,0,0,0,0,0,0,0,1
-ve/Damaged Bottle/snap_962.jpg,1,0,0,0,0,0,0,0,1
-ve/Damaged Bottle/snap_963.jpg,1,0,0,0,0,0,0,0,1
-ve/Damaged Bottle/snap_964.jpg,1,0,0,0,0,0,0,0,1
-ve/Damaged Bottle/snap_965.jpg,1,0,0,0,0,0,0,0,1
-ve/Damaged Bottle/snap_966.jpg,1,0,0,0,0,0,0,0,1
-ve/Damaged Bottle/snap_967.jpg,1,0,0,0,0,0,0,0,1
-ve/Damaged Bottle/snap_968.jpg,1,0,0,0,0,0,0,0,1
-ve/Damaged Bottle/snap_969.jpg,1,0,0,0,0,0,0,0,1
-ve/Damaged Bottle/snap_970.jpg,1,0,0,0,0,0,0,0,1
-ve/Damaged Bottle/snap_971.jpg,1,0,0,0,0,0,0,0,1
-ve/Damaged Bottle/snap_972.jpg,1,0,0,0,0,0,0,0,1
-ve/Damaged Bottle/snap_973.jpg,1,0,0,0,0,0,0,0,1
-ve/Damaged Bottle/snap_974.jpg,1,0,0,0,0,0,0,0,1
-ve/Damaged Bottle/snap_975.jpg,1,0,0,0,0,0,0,0,1
-ve/Damaged Bottle/snap_976.jpg,1,0,0,0,0,0,0,0,1
-ve/Damaged Bottle/snap_977.jpg,1,0,0,0,0,0,0,0,1
-ve/Damaged Bottle/snap_978.jpg,1,0,0,0,0,0,0,0,1
-ve/Damaged Bottle/snap_979.jpg,1,0,0,0,0,0,0,0,1
-ve/Damaged Bottle/snap_980.jpg,1,0,0,0,0,0,0,0,1
-ve/Damaged Bottle/snap_981.jpg,1,0,0,0,0,0,0,0,1
-ve/Damaged Bottle/snap_982.jpg,1,0,0,0,0,0,0,0,1
-ve/Damaged Bottle/snap_983.jpg,1,0,0,0,0,0,0,0,1
-ve/Damaged Bottle/snap_984.jpg,1,0,0,0,0,0,0,0,1
-ve/Damaged Bottle/snap_985.jpg,1,0,0,0,0,0,0,0,1
-ve/Damaged Bottle/snap_986.jpg,1,0,0,0,0,0,0,0,1
-ve/Damaged Bottle/snap_987.jpg,1,0,0,0,0,0,0,0,1
-ve/Damaged Bottle/snap_988.jpg,1,0,0,0,0,0,0,0,1
-ve/Damaged Bottle/snap_989.jpg,1,0,0,0,0,0,0,0,1
-ve/Damaged Bottle/snap_990.jpg,1,0,0,0,0,0,0,0,1
-ve/Damaged Bottle/snap_991.jpg,1,0,0,0,0,0,0,0,1
-ve/Damaged Bottle/snap_992.jpg,1,0,0,0,0,0,0,0,1
-ve/Damaged Bottle/snap_993.jpg,1,0,0,0,0,0,0,0,1
-ve/Damaged Bottle/snap_994.jpg,1,0,0,0,0,0,0,0,1
-ve/Damaged Bottle/snap_995.jpg,1,0,0,0,0,0,0,0,1
-ve/Damaged Bottle/snap_996.jpg,1,0,0,0,0,0,0,0,1
-ve/Damaged Bottle/snap_997.jpg,1,0,0,0,0,0,0,0,1
-ve/Damaged Bottle/snap_998.jpg,1,0,0,0,0,0,0,0,1
-ve/Damaged Bottle/snap_999.jpg,1,0,0,0,0,0,0,0,1
-ve/Damaged Bottle/snap_1000.jpg,1,0,0,0,0,0,0,0,1
-ve/Damaged Bottle/snap_1001.jpg,1,0,0,0,0,0,0,0,1
-ve/Damaged Bottle/snap_1002.jpg,1,0,0,0,0,0,0,0,1
-ve/Damaged Bottle/snap_1003.jpg,1,0,0,0,0,0,0,0,1
-ve/Damaged Bottle/snap_1004.jpg,1,0,0,0,0,0,0,0,1
-ve/Damaged Bottle/snap_1005.jpg,1,0,0,0,0,0,0,0,1
-ve/Damaged Bottle/snap_1006.jpg,1,0,0,0,0,0,0,0,1
-ve/Damaged Bottle/snap_1007.jpg,1,0,0,0,0,0,0,0,1
-ve/Damaged Bottle/snap_1008.jpg,1,0,0,0,0,0,0,0,1
-ve/Damaged Bottle/snap_1009.jpg,1,0,0,0,0,0,0,0,1
-ve/Damaged Bottle/snap_1010.jpg,1,0,0,0,0,0,0,0,1
-ve/Damaged Bottle/snap_1011.jpg,1,0,0,0,0,0,0,0,1
-ve/Damaged Bottle/snap_1012.jpg,1,0,0,0,0,0,0,0,1
-ve/Damaged Bottle/snap_1013.jpg,1,0,0,0,0,0,0,0,1
-ve/Damaged Bottle/snap_1014.jpg,1,0,0,0,0,0,0,0,1
-ve/Damaged Bottle/snap_1015.jpg,1,0,0,0,0,0,0,0,1
-ve/Damaged Bottle/snap_1016.jpg,1,0,0,0,0,0,0,0,1
-ve/Damaged Bottle/snap_1017.jpg,1,0,0,0,0,0,0,0,1
-ve/Damaged Bottle/snap_1018.jpg,1,0,0,0,0,0,0,0,1
-ve/Damaged Bottle/snap_1019.jpg,1,0,0,0,0,0,0,0,1
-ve/Damaged Bottle/snap_1020.jpg,1,0,0,0,0,0,0,0,1
-ve/Damaged Bottle/snap_1021.jpg,1,0,0,0,0,0,0,0,1
-ve/Damaged Bottle/snap_1022.jpg,1,0,0,0,0,0,0,0,1
-ve/Damaged Bottle/snap_1023.jpg,1,0,0,0,0,0,0,0,1
-ve/Damaged Bottle/snap_1024.jpg,1,0,0,0,0,0,0,0,1
-ve/Damaged Bottle/snap_1025.jpg,1,0,0,0,0,0,0,0,1
-ve/Damaged Bottle/snap_1026.jpg,1,0,0,0,0,0,0,0,1
-ve/Damaged Bottle/snap_1027.jpg,1,0,0,0,0,0,0,0,1
-ve/Damaged Bottle/snap_1028.jpg,1,0,0,0,0,0,0,0,1
-ve/Damaged Bottle/snap_1029.jpg,1,0,0,0,0,0,0,0,1
-ve/Damaged Bottle/snap_1030.jpg,1,0,0,0,0,0,0,0,1
-ve/Damaged Bottle/snap_1031.jpg,1,0,0,0,0,0,0,0,1
-ve/Damaged Bottle/snap_1032.jpg,1,0,0,0,0,0,0,0,1
-ve/Damaged Bottle/snap_1033.jpg,1,0,0,0,0,0,0,0,1
-ve/Damaged Bottle/snap_1034.jpg,1,0,0,0,0,0,0,0,1
-ve/Damaged Bottle/snap_1035.jpg,1,0,0,0,0,0,0,0,1
-ve/Damaged Bottle/snap_1036.jpg,1,0,0,0,0,0,0,0,1
-ve/Damaged Bottle/snap_1037.jpg,1,0,0,0,0,0,0,0,1
-ve/Damaged Bottle/snap_1038.jpg,1,0,0,0,0,0,0,0,1
-ve/Damaged Bottle/snap_1039.jpg,1,0,0,0,0,0,0,0,1
-ve/Damaged Bottle/snap_1040.jpg,1,0,0,0,0,0,0,0,1
-ve/Damaged Bottle/snap_1041.jpg,1,0,0,0,0,0,0,0,1
-ve/Damaged Bottle/snap_1042.jpg,1,0,0,0,0,0,0,0,1
-ve/Damaged Bottle/snap_1043.jpg,1,0,0,0,0,0,0,0,1
-ve/Damaged Bottle/snap_1044.jpg,1,0,0,0,0,0,0,0,1
-ve/Damaged Bottle/snap_1045.jpg,1,0,0,0,0,0,0,0,1
-ve/Damaged Bottle/snap_1046.jpg,1,0,0,0,0,0,0,0,1
-ve/Damaged Bottle/snap_1047.jpg,1,0,0,0,0,0,0,0,1
-ve/Damaged Bottle/snap_1048.jpg,1,0,0,0,0,0,0,0,1
-ve/Damaged Bottle/snap_1049.jpg,1,0,0,0,0,0,0,0,1
-ve/Damaged Bottle/snap_1050.jpg,1,0,0,0,0,0,0,0,1
-ve/Damaged Bottle/snap_1051.jpg,1,0,0,0,0,0,0,0,1
-ve/Damaged Bottle/snap_1052.jpg,1,0,0,0,0,0,0,0,1
-ve/Damaged Bottle/snap_1053.jpg,1,0,0,0,0,0,0,0,1
-ve/Damaged Bottle/snap_1054.jpg,1,0,0,0,0,0,0,0,1
-ve/Damaged Bottle/snap_1055.jpg,1,0,0,0,0,0,0,0,1
-ve/Damaged Bottle/snap_1056.jpg,1,0,0,0,0,0,0,0,1
-ve/Damaged Bottle/snap_1057.jpg,1,0,0,0,0,0,0,0,1
-ve/Damaged Bottle/snap_1058.jpg,1,0,0,0,0,0,0,0,1
-ve/Damaged Bottle/snap_1059.jpg,1,0,0,0,0,0,0,0,1
-ve/Damaged Bottle/snap_1060.jpg,1,0,0,0,0,0,0,0,1
-ve/Damaged Bottle/snap_1061.jpg,1,0,0,0,0,0,0,0,1
-ve/Damaged Bottle/snap_1062.jpg,1,0,0,0,0,0,0,0,1
-ve/Damaged Bottle/snap_1063.jpg,1,0,0,0,0,0,0,0,1
-ve/Damaged Bottle/snap_1064.jpg,1,0,0,0,0,0,0,0,1
-ve/Damaged Bottle/snap_1065.jpg,1,0,0,0,0,0,0,0,1
-ve/Damaged Bottle/snap_1066.jpg,1,0,0,0,0,0,0,0,1
-ve/Damaged Bottle/snap_1067.jpg,1,0,0,0,0,0,0,0,1
-ve/Damaged Bottle/snap_1068.jpg,1,0,0,0,0,0,0,0,1
-ve/Damaged Bottle/snap_1069.jpg,1,0,0,0,0,0,0,0,1
-ve/Damaged Bottle/snap_1070.jpg,1,0,0,0,0,0,0,0,1
-ve/Damaged Bottle/snap_1071.jpg,1,0,0,0,0,0,0,0,1
-ve/Damaged Bottle/snap_1072.jpg,1,0,0,0,0,0,0,0,1
-ve/Damaged Bottle/snap_1073.jpg,1,0,0,0,0,0,0,0,1
-ve/Damaged Bottle/snap_1074.jpg,1,0,0,0,0,0,0,0,1
-ve/Damaged Bottle/snap_1075.jpg,1,0,0,0,0,0,0,0,1
-ve/Damaged Bottle/snap_1076.jpg,1,0,0,0,0,0,0,0,1
-ve/Damaged Bottle/snap_1077.jpg,1,0,0,0,0,0,0,0,1
-ve/Damaged Bottle/snap_1078.jpg,1,0,0,0,0,0,0,0,1
-ve/Damaged Bottle/snap_1079.jpg,1,0,0,0,0,0,0,0,1
-ve/Damaged Bottle/snap_1080.jpg,1,0,0,0,0,0,0,0,1
-ve/Damaged Bottle/snap_1081.jpg,1,0,0,0,0,0,0,0,1
-ve/Damaged Bottle/snap_1082.jpg,1,0,0,0,0,0,0,0,1
-ve/Damaged Bottle/snap_1083.jpg,1,0,0,0,0,0,0,0,1
-ve/Damaged Bottle/snap_1084.jpg,1,0,0,0,0,0,0,0,1
-ve/Damaged Bottle/snap_1085.jpg,1,0,0,0,0,0,0,0,1
-ve/Damaged Bottle/snap_1086.jpg,1,0,0,0,0,0,0,0,1
-ve/Damaged Bottle/snap_1087.jpg,1,0,0,0,0,0,0,0,1
-ve/Damaged Bottle/snap_1088.jpg,1,0,0,0,0,0,0,0,1
-ve/Damaged Bottle/snap_1089.jpg,1,0,0,0,0,0,0,0,1
-ve/Damaged Bottle/snap_1090.jpg,1,0,0,0,0,0,0,0,1
-ve/Damaged Bottle/snap_1091.jpg,1,0,0,0,0,0,0,0,1
-ve/Damaged Bottle/snap_1092.jpg,1,0,0,0,0,0,0,0,1
-ve/Damaged Bottle/snap_1093.jpg,1,0,0,0,0,0,0,0,1
-ve/Damaged Bottle/snap_1094.jpg,1,0,0,0,0,0,0,0,1
-ve/Damaged Bottle/snap_1095.jpg,1,0,0,0,0,0,0,0,1
-ve/Damaged Bottle/snap_1096.jpg,1,0,0,0,0,0,0,0,1
-ve/Damaged Bottle/snap_1097.jpg,1,0,0,0,0,0,0,0,1
-ve/Damaged Bottle/snap_1098.jpg,1,0,0,0,0,0,0,0,1
-ve/Damaged Bottle/snap_1099.jpg,1,0,0,0,0,0,0,0,1
-ve/Damaged Bottle/snap_1100.jpg,1,0,0,0,0,0,0,0,1
-ve/Damaged Bottle/snap_1101.jpg,1,0,0,0,0,0,0,0,1
-ve/Damaged Bottle/snap_1102.jpg,1,0,0,0,0,0,0,0,1
-ve/Damaged Bottle/snap_1103.jpg,1,0,0,0,0,0,0,0,1
-ve/Damaged Bottle/snap_1104.jpg,1,0,0,0,0,0,0,0,1
-ve/Damaged Bottle/snap_1105.jpg,1,0,0,0,0,0,0,0,1
-ve/Damaged Bottle/snap_1106.jpg,1,0,0,0,0,0,0,0,1
-ve/Damaged Bottle/snap_1107.jpg,1,0,0,0,0,0,0,0,1
-ve/Damaged Bottle/snap_1108.jpg,1,0,0,0,0,0,0,0,1
-ve/Damaged Bottle/snap_1109.jpg,1,0,0,0,0,0,0,0,1
-ve/Damaged Bottle/snap_1110.jpg,1,0,0,0,0,0,0,0,1
-ve/Damaged Bottle/snap_1111.jpg,1,0,0,0,0,0,0,0,1
-ve/Damaged Bottle/snap_1112.jpg,1,0,0,0,0,0,0,0,1
-ve/Damaged Bottle/snap_1113.jpg,1,0,0,0,0,0,0,0,1
-ve/Damaged Bottle/snap_1114.jpg,1,0,0,0,0,0,0,0,1
-ve/Damaged Bottle/snap_1115.jpg,1,0,0,0,0,0,0,0,1
-ve/Damaged Bottle/snap_1116.jpg,1,0,0,0,0,0,0,0,1
-ve/Damaged Bottle/snap_1117.jpg,1,0,0,0,0,0,0,0,1
-ve/Damaged Bottle/snap_1118.jpg,1,0,0,0,0,0,0,0,1
-ve/Damaged Bottle/snap_1119.jpg,1,0,0,0,0,0,0,0,1
-ve/Damaged Bottle/snap_1120.jpg,1,0,0,0,0,0,0,0,1
-ve/Damaged Bottle/snap_1121.jpg,1,0,0,0,0,0,0,0,1
-ve/Damaged Bottle/snap_1122.jpg,1,0,0,0,0,0,0,0,1
-ve/Damaged Bottle/snap_1123.jpg,1,0,0,0,0,0,0,0,1
-ve/Damaged Bottle/snap_1124.jpg,1,0,0,0,0,0,0,0,1
-ve/Damaged Bottle/snap_1125.jpg,1,0,0,0,0,0,0,0,1
-ve/Damaged Bottle/snap_1126.jpg,1,0,0,0,0,0,0,0,1
-ve/Damaged Bottle/snap_1127.jpg,1,0,0,0,0,0,0,0,1
-ve/Damaged Bottle/snap_1128.jpg,1,0,0,0,0,0,0,0,1
-ve/Damaged Bottle/snap_1129.jpg,1,0,0,0,0,0,0,0,1
-ve/Damaged Bottle/snap_1130.jpg,1,0,0,0,0,0,0,0,1
-ve/Damaged Bottle/snap_1131.jpg,1,0,0,0,0,0,0,0,1
-ve/Damaged Bottle/snap_1132.jpg,1,0,0,0,0,0,0,0,1
-ve/Damaged Bottle/snap_1133.jpg,1,0,0,0,0,0,0,0,1
-ve/Damaged Bottle/snap_1134.jpg,1,0,0,0,0,0,0,0,1
-ve/Damaged Bottle/snap_1135.jpg,1,0,0,0,0,0,0,0,1
-ve/Damaged Bottle/snap_1136.jpg,1,0,0,0,0,0,0,0,1
-ve/Damaged Bottle/snap_1137.jpg,1,0,0,0,0,0,0,0,1
-ve/Damaged Bottle/snap_1138.jpg,1,0,0,0,0,0,0,0,1
-ve/Damaged Bottle/snap_1139.jpg,1,0,0,0,0,0,0,0,1
-ve/Damaged Bottle/snap_1140.jpg,1,0,0,0,0,0,0,0,1
-ve/Damaged Bottle/snap_1141.jpg,1,0,0,0,0,0,0,0,1
-ve/Damaged Bottle/snap_1142.jpg,1,0,0,0,0,0,0,0,1
-ve/Damaged Bottle/snap_1143.jpg,1,0,0,0,0,0,0,0,1
-ve/Damaged Bottle/snap_1144.jpg,1,0,0,0,0,0,0,0,1
-ve/Damaged Bottle/snap_1145.jpg,1,0,0,0,0,0,0,0,1
-ve/Damaged Bottle/snap_1146.jpg,1,0,0,0,0,0,0,0,1
-ve/Damaged Bottle/snap_1147.jpg,1,0,0,0,0,0,0,0,1
-ve/Damaged Bottle/snap_1148.jpg,1,0,0,0,0,0,0,0,1
-ve/Damaged Bottle/snap_1149.jpg,1,0,0,0,0,0,0,0,1
-ve/Damaged Bottle/snap_1150.jpg,1,0,0,0,0,0,0,0,1
-ve/Damaged Bottle/snap_1151.jpg,1,0,0,0,0,0,0,0,1
-ve/Damaged Bottle/snap_1152.jpg,1,0,0,0,0,0,0,0,1
-ve/Damaged Bottle/snap_1153.jpg,1,0,0,0,0,0,0,0,1
-ve/Damaged Bottle/snap_1154.jpg,1,0,0,0,0,0,0,0,1
-ve/Damaged Bottle/snap_1155.jpg,1,0,0,0,0,0,0,0,1
-ve/Damaged Bottle/snap_1156.jpg,1,0,0,0,0,0,0,0,1
-ve/Damaged Bottle/snap_1157.jpg,1,0,0,0,0,0,0,0,1
-ve/Damaged Bottle/snap_1158.jpg,1,0,0,0,0,0,0,0,1
-ve/Damaged Bottle/snap_1159.jpg,1,0,0,0,0,0,0,0,1
-ve/Damaged Bottle/snap_1160.jpg,1,0,0,0,0,0,0,0,1
-ve/Damaged Bottle/snap_1161.jpg,1,0,0,0,0,0,0,0,1
-ve/Damaged Bottle/snap_1162.jpg,1,0,0,0,0,0,0,0,1
-ve/Damaged Bottle/snap_1163.jpg,1,0,0,0,0,0,0,0,1
-ve/Damaged Bottle/snap_1164.jpg,1,0,0,0,0,0,0,0,1
-ve/Damaged Bottle/snap_1165.jpg,1,0,0,0,0,0,0,0,1
-ve/Damaged Bottle/snap_1166.jpg,1,0,0,0,0,0,0,0,1
-ve/Damaged Bottle/snap_1167.jpg,1,0,0,0,0,0,0,0,1
-ve/Damaged Bottle/snap_1168.jpg,1,0,0,0,0,0,0,0,1
-ve/Damaged Bottle/snap_1169.jpg,1,0,0,0,0,0,0,0,1
-ve/Damaged Bottle/snap_1170.jpg,1,0,0,0,0,0,0,0,1
-ve/Damaged Bottle/snap_1171.jpg,1,0,0,0,0,0,0,0,1
-ve/Damaged Bottle/snap_1172.jpg,1,0,0,0,0,0,0,0,1
-ve/Damaged Bottle/snap_1173.jpg,1,0,0,0,0,0,0,0,1
-ve/Damaged Bottle/snap_1174.jpg,1,0,0,0,0,0,0,0,1
-ve/Damaged Bottle/snap_1175.jpg,1,0,0,0,0,0,0,0,1
-ve/Damaged Bottle/snap_1176.jpg,1,0,0,0,0,0,0,0,1
-ve/Damaged Bottle/snap_1177.jpg,1,0,0,0,0,0,0,0,1
-ve/Damaged Bottle/snap_1178.jpg,1,0,0,0,0,0,0,0,1
-ve/Damaged Bottle/snap_1179.jpg,1,0,0,0,0,0,0,0,1
-ve/Damaged Bottle/snap_1180.jpg,1,0,0,0,0,0,0,0,1
-ve/Damaged Bottle/snap_1181.jpg,1,0,0,0,0,0,0,0,1
-ve/Damaged Bottle/snap_1182.jpg,1,0,0,0,0,0,0,0,1
-ve/Damaged Bottle/snap_1183.jpg,1,0,0,0,0,0,0,0,1
-ve/Damaged Bottle/snap_1184.jpg,1,0,0,0,0,0,0,0,1
-ve/Damaged Bottle/snap_1185.jpg,1,0,0,0,0,0,0,0,1
-ve/Damaged Bottle/snap_1186.jpg,1,0,0,0,0,0,0,0,1
-ve/Damaged Bottle/snap_1187.jpg,1,0,0,0,0,0,0,0,1
-ve/Damaged Bottle/snap_1188.jpg,1,0,0,0,0,0,0,0,1
-ve/Damaged Bottle/snap_1189.jpg,1,0,0,0,0,0,0,0,1
-ve/Damaged Bottle/snap_1190.jpg,1,0,0,0,0,0,0,0,1
-ve/Damaged Bottle/snap_1191.jpg,1,0,0,0,0,0,0,0,1
-ve/Damaged Bottle/snap_1192.jpg,1,0,0,0,0,0,0,0,1
-ve/Damaged Bottle/snap_1193.jpg,1,0,0,0,0,0,0,0,1
-ve/Damaged Bottle/snap_1194.jpg,1,0,0,0,0,0,0,0,1
-ve/Damaged Bottle/snap_1195.jpg,1,0,0,0,0,0,0,0,1
-ve/Damaged Bottle/snap_1196.jpg,1,0,0,0,0,0,0,0,1
-ve/Damaged Bottle/snap_1197.jpg,1,0,0,0,0,0,0,0,1
-ve/Damaged Label/snap_402.jpg,0,1,0,0,0,0,0,0,1
-ve/Damaged Label/snap_403.jpg,0,1,0,0,0,0,0,0,1
-ve/Damaged Label/snap_404.jpg,0,1,0,0,0,0,0,0,1
-ve/Damaged Label/snap_405.jpg,0,1,0,0,0,0,0,0,1
-ve/Damaged Label/snap_406.jpg,0,1,0,0,0,0,0,0,1
-ve/Damaged Label/snap_407.jpg,0,1,0,0,0,0,0,0,1
-ve/Damaged Label/snap_408.jpg,0,1,0,0,0,0,0,0,1
-ve/Damaged Label/snap_409.jpg,0,1,0,0,0,0,0,0,1
-ve/Damaged Label/snap_410.jpg,0,1,0,0,0,0,0,0,1
-ve/Damaged Label/snap_411.jpg,0,1,0,0,0,0,0,0,1
-ve/Damaged Label/snap_412.jpg,0,1,0,0,0,0,0,0,1
-ve/Damaged Label/snap_413.jpg,0,1,0,0,0,0,0,0,1
-ve/Damaged Label/snap_414.jpg,0,1,0,0,0,0,0,0,1
-ve/Damaged Label/snap_415.jpg,0,1,0,0,0,0,0,0,1
-ve/Damaged Label/snap_416.jpg,0,1,0,0,0,0,0,0,1
-ve/Damaged Label/snap_417.jpg,0,1,0,0,0,0,0,0,1
-ve/Damaged Label/snap_418.jpg,0,1,0,0,0,0,0,0,1
-ve/Damaged Label/snap_419.jpg,0,1,0,0,0,0,0,0,1
-ve/Damaged Label/snap_420.jpg,0,1,0,0,0,0,0,0,1
-ve/Damaged Label/snap_421.jpg,0,1,0,0,0,0,0,0,1
-ve/Damaged Label/snap_422.jpg,0,1,0,0,0,0,0,0,1
-ve/Damaged Label/snap_423.jpg,0,1,0,0,0,0,0,0,1
-ve/Damaged Label/snap_424.jpg,0,1,0,0,0,0,0,0,1
-ve/Damaged Label/snap_425.jpg,0,1,0,0,0,0,0,0,1
-ve/Damaged Label/snap_426.jpg,0,1,0,0,0,0,0,0,1
-ve/Damaged Label/snap_427.jpg,0,1,0,0,0,0,0,0,1
-ve/Damaged Label/snap_428.jpg,0,1,0,0,0,0,0,0,1
-ve/Damaged Label/snap_429.jpg,0,1,0,0,0,0,0,0,1
-ve/Damaged Label/snap_430.jpg,0,1,0,0,0,0,0,0,1
-ve/Damaged Label/snap_431.jpg,0,1,0,0,0,0,0,0,1
-ve/Damaged Label/snap_432.jpg,0,1,0,0,0,0,0,0,1
-ve/Damaged Label/snap_433.jpg,0,1,0,0,0,0,0,0,1
-ve/Damaged Label/snap_434.jpg,0,1,0,0,0,0,0,0,1
-ve/Damaged Label/snap_435.jpg,0,1,0,0,0,0,0,0,1
-ve/Damaged Label/snap_436.jpg,0,1,0,0,0,0,0,0,1
-ve/Damaged Label/snap_437.jpg,0,1,0,0,0,0,0,0,1
-ve/Damaged Label/snap_438.jpg,0,1,0,0,0,0,0,0,1
-ve/Damaged Label/snap_439.jpg,0,1,0,0,0,0,0,0,1
-ve/Damaged Label/snap_440.jpg,0,1,0,0,0,0,0,0,1
-ve/Damaged Label/snap_441.jpg,0,1,0,0,0,0,0,0,1
-ve/Damaged Label/snap_442.jpg,0,1,0,0,0,0,0,0,1
-ve/Damaged Label/snap_443.jpg,0,1,0,0,0,0,0,0,1
-ve/Damaged Label/snap_444.jpg,0,1,0,0,0,0,0,0,1
-ve/Damaged Label/snap_445.jpg,0,1,0,0,0,0,0,0,1
-ve/Damaged Label/snap_446.jpg,0,1,0,0,0,0,0,0,1
-ve/Damaged Label/snap_447.jpg,0,1,0,0,0,0,0,0,1
-ve/Damaged Label/snap_448.jpg,0,1,0,0,0,0,0,0,1
-ve/Damaged Label/snap_449.jpg,0,1,0,0,0,0,0,0,1
-ve/Damaged Label/snap_450.jpg,0,1,0,0,0,0,0,0,1
-ve/Damaged Label/snap_451.jpg,0,1,0,0,0,0,0,0,1
-ve/Damaged Label/snap_452.jpg,0,1,0,0,0,0,0,0,1
-ve/Damaged Label/snap_453.jpg,0,1,0,0,0,0,0,0,1
-ve/Damaged Label/snap_454.jpg,0,1,0,0,0,0,0,0,1
-ve/Damaged Label/snap_455.jpg,0,1,0,0,0,0,0,0,1
-ve/Damaged Label/snap_456.jpg,0,1,0,0,0,0,0,0,1
-ve/Damaged Label/snap_457.jpg,0,1,0,0,0,0,0,0,1
-ve/Damaged Label/snap_458.jpg,0,1,0,0,0,0,0,0,1
-ve/Damaged Label/snap_459.jpg,0,1,0,0,0,0,0,0,1
-ve/Damaged Label/snap_460.jpg,0,1,0,0,0,0,0,0,1
-ve/Damaged Label/snap_461.jpg,0,1,0,0,0,0,0,0,1
-ve/Damaged Label/snap_462.jpg,0,1,0,0,0,0,0,0,1
-ve/Damaged Label/snap_463.jpg,0,1,0,0,0,0,0,0,1
-ve/Damaged Label/snap_464.jpg,0,1,0,0,0,0,0,0,1
-ve/Damaged Label/snap_465.jpg,0,1,0,0,0,0,0,0,1
-ve/Damaged Label/snap_466.jpg,0,1,0,0,0,0,0,0,1
-ve/Damaged Label/snap_467.jpg,0,1,0,0,0,0,0,0,1
-ve/Damaged Label/snap_468.jpg,0,1,0,0,0,0,0,0,1
-ve/Damaged Label/snap_469.jpg,0,1,0,0,0,0,0,0,1
-ve/Damaged Label/snap_470.jpg,0,1,0,0,0,0,0,0,1
-ve/Damaged Label/snap_471.jpg,0,1,0,0,0,0,0,0,1
-ve/Damaged Label/snap_472.jpg,0,1,0,0,0,0,0,0,1
-ve/Damaged Label/snap_473.jpg,0,1,0,0,0,0,0,0,1
-ve/Damaged Label/snap_474.jpg,0,1,0,0,0,0,0,0,1
-ve/Damaged Label/snap_475.jpg,0,1,0,0,0,0,0,0,1
-ve/Damaged Label/snap_476.jpg,0,1,0,0,0,0,0,0,1
-ve/Damaged Label/snap_477.jpg,0,1,0,0,0,0,0,0,1
-ve/Damaged Label/snap_478.jpg,0,1,0,0,0,0,0,0,1
-ve/Damaged Label/snap_479.jpg,0,1,0,0,0,0,0,0,1
-ve/Damaged Label/snap_480.jpg,0,1,0,0,0,0,0,0,1
-ve/Damaged Label/snap_481.jpg,0,1,0,0,0,0,0,0,1
-ve/Damaged Label/snap_482.jpg,0,1,0,0,0,0,0,0,1
-ve/Damaged Label/snap_483.jpg,0,1,0,0,0,0,0,0,1
-ve/Damaged Label/snap_484.jpg,0,1,0,0,0,0,0,0,1
-ve/Damaged Label/snap_485.jpg,0,1,0,0,0,0,0,0,1
-ve/Damaged Label/snap_486.jpg,0,1,0,0,0,0,0,0,1
-ve/Damaged Label/snap_487.jpg,0,1,0,0,0,0,0,0,1
-ve/Damaged Label/snap_488.jpg,0,1,0,0,0,0,0,0,1
-ve/Damaged Label/snap_489.jpg,0,1,0,0,0,0,0,0,1
-ve/Damaged Label/snap_490.jpg,0,1,0,0,0,0,0,0,1
-ve/Damaged Label/snap_491.jpg,0,1,0,0,0,0,0,0,1
-ve/Damaged Label/snap_492.jpg,0,1,0,0,0,0,0,0,1
-ve/Damaged Label/snap_493.jpg,0,1,0,0,0,0,0,0,1
-ve/Damaged Label/snap_494.jpg,0,1,0,0,0,0,0,0,1
-ve/Damaged Label/snap_495.jpg,0,1,0,0,0,0,0,0,1
-ve/Damaged Label/snap_496.jpg,0,1,0,0,0,0,0,0,1
-ve/Damaged Label/snap_497.jpg,0,1,0,0,0,0,0,0,1
-ve/Damaged Label/snap_498.jpg,0,1,0,0,0,0,0,0,1
-ve/Damaged Label/snap_499.jpg,0,1,0,0,0,0,0,0,1
-ve/Damaged Label/snap_500.jpg,0,1,0,0,0,0,0,0,1
-ve/Damaged Label/snap_501.jpg,0,1,0,0,0,0,0,0,1
-ve/Damaged Label/snap_502.jpg,0,1,0,0,0,0,0,0,1
-ve/Damaged Label/snap_503.jpg,0,1,0,0,0,0,0,0,1
-ve/Damaged Label/snap_504.jpg,0,1,0,0,0,0,0,0,1
-ve/Damaged Label/snap_505.jpg,0,1,0,0,0,0,0,0,1
-ve/Damaged Label/snap_506.jpg,0,1,0,0,0,0,0,0,1
-ve/Damaged Label/snap_507.jpg,0,1,0,0,0,0,0,0,1
-ve/Damaged Label/snap_508.jpg,0,1,0,0,0,0,0,0,1
-ve/Damaged Label/snap_509.jpg,0,1,0,0,0,0,0,0,1
-ve/Damaged Label/snap_510.jpg,0,1,0,0,0,0,0,0,1
-ve/Damaged Label/snap_511.jpg,0,1,0,0,0,0,0,0,1
-ve/Damaged Label/snap_512.jpg,0,1,0,0,0,0,0,0,1
-ve/Damaged Label/snap_513.jpg,0,1,0,0,0,0,0,0,1
-ve/Damaged Label/snap_514.jpg,0,1,0,0,0,0,0,0,1
-ve/Damaged Label/snap_515.jpg,0,1,0,0,0,0,0,0,1
-ve/Damaged Label/snap_516.jpg,0,1,0,0,0,0,0,0,1
-ve/Damaged Label/snap_517.jpg,0,1,0,0,0,0,0,0,1
-ve/Damaged Label/snap_518.jpg,0,1,0,0,0,0,0,0,1
-ve/Damaged Label/snap_519.jpg,0,1,0,0,0,0,0,0,1
-ve/Damaged Label/snap_520.jpg,0,1,0,0,0,0,0,0,1
-ve/Damaged Label/snap_521.jpg,0,1,0,0,0,0,0,0,1
-ve/Damaged Label/snap_522.jpg,0,1,0,0,0,0,0,0,1
-ve/Damaged Label/snap_523.jpg,0,1,0,0,0,0,0,0,1
-ve/Damaged Label/snap_524.jpg,0,1,0,0,0,0,0,0,1
-ve/Damaged Label/snap_525.jpg,0,1,0,0,0,0,0,0,1
-ve/Damaged Label/snap_526.jpg,0,1,0,0,0,0,0,0,1
-ve/Damaged Label/snap_527.jpg,0,1,0,0,0,0,0,0,1
-ve/Damaged Label/snap_528.jpg,0,1,0,0,0,0,0,0,1
-ve/Damaged Label/snap_529.jpg,0,1,0,0,0,0,0,0,1
-ve/Damaged Label/snap_530.jpg,0,1,0,0,0,0,0,0,1
-ve/Damaged Label/snap_531.jpg,0,1,0,0,0,0,0,0,1
-ve/Damaged Label/snap_532.jpg,0,1,0,0,0,0,0,0,1
-ve/Damaged Label/snap_533.jpg,0,1,0,0,0,0,0,0,1
-ve/Damaged Label/snap_534.jpg,0,1,0,0,0,0,0,0,1
-ve/Damaged Label/snap_535.jpg,0,1,0,0,0,0,0,0,1
-ve/Damaged Label/snap_536.jpg,0,1,0,0,0,0,0,0,1
-ve/Damaged Label/snap_537.jpg,0,1,0,0,0,0,0,0,1
-ve/Damaged Label/snap_538.jpg,0,1,0,0,0,0,0,0,1
-ve/Damaged Label/snap_539.jpg,0,1,0,0,0,0,0,0,1
-ve/Damaged Label/snap_540.jpg,0,1,0,0,0,0,0,0,1
-ve/Damaged Label/snap_541.jpg,0,1,0,0,0,0,0,0,1
-ve/Damaged Label/snap_542.jpg,0,1,0,0,0,0,0,0,1
-ve/Damaged Label/snap_543.jpg,0,1,0,0,0,0,0,0,1
-ve/Damaged Label/snap_544.jpg,0,1,0,0,0,0,0,0,1
-ve/Damaged Label/snap_545.jpg,0,1,0,0,0,0,0,0,1
-ve/Damaged Label/snap_546.jpg,0,1,0,0,0,0,0,0,1
-ve/Damaged Label/snap_547.jpg,0,1,0,0,0,0,0,0,1
-ve/Damaged Label/snap_548.jpg,0,1,0,0,0,0,0,0,1
-ve/Damaged Label/snap_549.jpg,0,1,0,0,0,0,0,0,1
-ve/Damaged Label/snap_550.jpg,0,1,0,0,0,0,0,0,1
-ve/Damaged Label/snap_551.jpg,0,1,0,0,0,0,0,0,1
-ve/Damaged Label/snap_559.jpg,0,1,0,0,0,0,0,0,1
-ve/Damaged Label/snap_560.jpg,0,1,0,0,0,0,0,0,1
-ve/Damaged Label/snap_561.jpg,0,1,0,0,0,0,0,0,1
-ve/Damaged Label/snap_562.jpg,0,1,0,0,0,0,0,0,1
-ve/Damaged Label/snap_563.jpg,0,1,0,0,0,0,0,0,1
-ve/Damaged Label/snap_564.jpg,0,1,0,0,0,0,0,0,1
-ve/Damaged Label/snap_565.jpg,0,1,0,0,0,0,0,0,1
-ve/Damaged Label/snap_566.jpg,0,1,0,0,0,0,0,0,1
-ve/Damaged Label/snap_567.jpg,0,1,0,0,0,0,0,0,1
-ve/Damaged Label/snap_568.jpg,0,1,0,0,0,0,0,0,1
-ve/Damaged Label/snap_569.jpg,0,1,0,0,0,0,0,0,1
-ve/Damaged Label/snap_570.jpg,0,1,0,0,0,0,0,0,1
-ve/Damaged Label/snap_571.jpg,0,1,0,0,0,0,0,0,1
-ve/Damaged Label/snap_572.jpg,0,1,0,0,0,0,0,0,1
-ve/Damaged Label/snap_573.jpg,0,1,0,0,0,0,0,0,1
-ve/Damaged Label/snap_574.jpg,0,1,0,0,0,0,0,0,1
-ve/Damaged Label/snap_575.jpg,0,1,0,0,0,0,0,0,1
-ve/Damaged Label/snap_576.jpg,0,1,0,0,0,0,0,0,1
-ve/Damaged Label/snap_577.jpg,0,1,0,0,0,0,0,0,1
-ve/Damaged Label/snap_578.jpg,0,1,0,0,0,0,0,0,1
-ve/Damaged Label/snap_579.jpg,0,1,0,0,0,0,0,0,1
-ve/Damaged Label/snap_580.jpg,0,1,0,0,0,0,0,0,1
-ve/Damaged Label/snap_581.jpg,0,1,0,0,0,0,0,0,1
-ve/Damaged Label/snap_582.jpg,0,1,0,0,0,0,0,0,1
-ve/Damaged Label/snap_583.jpg,0,1,0,0,0,0,0,0,1
-ve/Damaged Label/snap_584.jpg,0,1,0,0,0,0,0,0,1
-ve/Damaged Label/snap_585.jpg,0,1,0,0,0,0,0,0,1
-ve/Damaged Label/snap_586.jpg,0,1,0,0,0,0,0,0,1
-ve/Damaged Label/snap_587.jpg,0,1,0,0,0,0,0,0,1
-ve/Damaged Label/snap_588.jpg,0,1,0,0,0,0,0,0,1
-ve/Damaged Label/snap_589.jpg,0,1,0,0,0,0,0,0,1
-ve/Damaged Label/snap_590.jpg,0,1,0,0,0,0,0,0,1
-ve/Damaged Label/snap_591.jpg,0,1,0,0,0,0,0,0,1
-ve/Damaged Label/snap_592.jpg,0,1,0,0,0,0,0,0,1
-ve/Damaged Label/snap_593.jpg,0,1,0,0,0,0,0,0,1
-ve/Damaged Label/snap_594.jpg,0,1,0,0,0,0,0,0,1
-ve/Damaged Label/snap_595.jpg,0,1,0,0,0,0,0,0,1
-ve/Damaged Label/snap_596.jpg,0,1,0,0,0,0,0,0,1
-ve/Damaged Label/snap_597.jpg,0,1,0,0,0,0,0,0,1
-ve/Damaged Label/snap_598.jpg,0,1,0,0,0,0,0,0,1
-ve/Damaged Label/snap_599.jpg,0,1,0,0,0,0,0,0,1
-ve/Damaged Label/snap_600.jpg,0,1,0,0,0,0,0,0,1
-ve/Damaged Label/snap_601.jpg,0,1,0,0,0,0,0,0,1
-ve/Damaged Label/snap_602.jpg,0,1,0,0,0,0,0,0,1
-ve/Damaged Label/snap_603.jpg,0,1,0,0,0,0,0,0,1
-ve/Damaged Label/snap_604.jpg,0,1,0,0,0,0,0,0,1
-ve/Damaged Label/snap_605.jpg,0,1,0,0,0,0,0,0,1
-ve/Damaged Label/snap_606.jpg,0,1,0,0,0,0,0,0,1
-ve/Damaged Label/snap_607.jpg,0,1,0,0,0,0,0,0,1
-ve/Damaged Label/snap_608.jpg,0,1,0,0,0,0,0,0,1
-ve/Damaged Label/snap_609.jpg,0,1,0,0,0,0,0,0,1
-ve/Damaged Label/snap_610.jpg,0,1,0,0,0,0,0,0,1
-ve/Damaged Label/snap_611.jpg,0,1,0,0,0,0,0,0,1
-ve/Damaged Label/snap_612.jpg,0,1,0,0,0,0,0,0,1
-ve/Damaged Label/snap_613.jpg,0,1,0,0,0,0,0,0,1
-ve/Damaged Label/snap_614.jpg,0,1,0,0,0,0,0,0,1
-ve/Damaged Label/snap_615.jpg,0,1,0,0,0,0,0,0,1
-ve/Damaged Label/snap_616.jpg,0,1,0,0,0,0,0,0,1
-ve/Damaged Label/snap_617.jpg,0,1,0,0,0,0,0,0,1
-ve/Damaged Label/snap_618.jpg,0,1,0,0,0,0,0,0,1
-ve/Damaged Label/snap_619.jpg,0,1,0,0,0,0,0,0,1
-ve/Damaged Label/snap_620.jpg,0,1,0,0,0,0,0,0,1
-ve/Damaged Label/snap_621.jpg,0,1,0,0,0,0,0,0,1
-ve/Damaged Label/snap_622.jpg,0,1,0,0,0,0,0,0,1
-ve/Damaged Label/snap_623.jpg,0,1,0,0,0,0,0,0,1
-ve/Damaged Label/snap_624.jpg,0,1,0,0,0,0,0,0,1
-ve/Damaged Label/snap_625.jpg,0,1,0,0,0,0,0,0,1
-ve/Damaged Label/snap_626.jpg,0,1,0,0,0,0,0,0,1
-ve/Damaged Label/snap_627.jpg,0,1,0,0,0,0,0,0,1
-ve/Damaged Label/snap_628.jpg,0,1,0,0,0,0,0,0,1
-ve/Damaged Label/snap_629.jpg,0,1,0,0,0,0,0,0,1
-ve/Damaged Label/snap_630.jpg,0,1,0,0,0,0,0,0,1
-ve/Damaged Label/snap_631.jpg,0,1,0,0,0,0,0,0,1
-ve/Damaged Label/snap_632.jpg,0,1,0,0,0,0,0,0,1
-ve/Damaged Label/snap_633.jpg,0,1,0,0,0,0,0,0,1
-ve/Damaged Label/snap_634.jpg,0,1,0,0,0,0,0,0,1
-ve/Damaged Label/snap_635.jpg,0,1,0,0,0,0,0,0,1
-ve/Damaged Label/snap_636.jpg,0,1,0,0,0,0,0,0,1
-ve/Damaged Label/snap_637.jpg,0,1,0,0,0,0,0,0,1
-ve/Missing Label/snap_849.jpg,0,0,0,1,0,0,0,0,1
-ve/Missing Label/snap_850.jpg,0,0,0,1,0,0,0,0,1
-ve/Missing Label/snap_851.jpg,0,0,0,1,0,0,0,0,1
-ve/Missing Label/snap_852.jpg,0,0,0,1,0,0,0,0,1
-ve/Missing Label/snap_853.jpg,0,0,0,1,0,0,0,0,1
-ve/Missing Label/snap_854.jpg,0,0,0,1,0,0,0,0,1
-ve/Missing Label/snap_855.jpg,0,0,0,1,0,0,0,0,1
-ve/Missing Label/snap_856.jpg,0,0,0,1,0,0,0,0,1
-ve/Missing Label/snap_857.jpg,0,0,0,1,0,0,0,0,1
-ve/Missing Label/snap_858.jpg,0,0,0,1,0,0,0,0,1
-ve/Missing Label/snap_859.jpg,0,0,0,1,0,0,0,0,1
-ve/Missing Label/snap_860.jpg,0,0,0,1,0,0,0,0,1
-ve/Missing Label/snap_861.jpg,0,0,0,1,0,0,0,0,1
-ve/Missing Label/snap_862.jpg,0,0,0,1,0,0,0,0,1
-ve/Missing Label/snap_863.jpg,0,0,0,1,0,0,0,0,1
-ve/Missing Label/snap_864.jpg,0,0,0,1,0,0,0,0,1
-ve/Missing Label/snap_865.jpg,0,0,0,1,0,0,0,0,1
-ve/Missing Label/snap_866.jpg,0,0,0,1,0,0,0,0,1
-ve/Missing Label/snap_867.jpg,0,0,0,1,0,0,0,0,1
-ve/Missing Label/snap_868.jpg,0,0,0,1,0,0,0,0,1
-ve/Missing Label/snap_869.jpg,0,0,0,1,0,0,0,0,1
-ve/Missing Label/snap_870.jpg,0,0,0,1,0,0,0,0,1
-ve/Missing Label/snap_871.jpg,0,0,0,1,0,0,0,0,1
-ve/Missing Label/snap_872.jpg,0,0,0,1,0,0,0,0,1
-ve/Missing Label/snap_873.jpg,0,0,0,1,0,0,0,0,1
-ve/Missing Label/snap_874.jpg,0,0,0,1,0,0,0,0,1
-ve/Missing Label/snap_875.jpg,0,0,0,1,0,0,0,0,1
-ve/Missing Label/snap_876.jpg,0,0,0,1,0,0,0,0,1
-ve/Missing Label/snap_877.jpg,0,0,0,1,0,0,0,0,1
-ve/Missing Label/snap_878.jpg,0,0,0,1,0,0,0,0,1
-ve/Skewed Bottle/snap_1198.jpg,0,0,0,0,1,0,0,0,1
-ve/Skewed Bottle/snap_1199.jpg,0,0,0,0,1,0,0,0,1
-ve/Skewed Bottle/snap_1200.jpg,0,0,0,0,1,0,0,0,1
-ve/Skewed Bottle/snap_1202.jpg,0,0,0,0,1,0,0,0,1
-ve/Skewed Bottle/snap_1203.jpg,0,0,0,0,1,0,0,0,1
-ve/Skewed Bottle/snap_1204.jpg,0,0,0,0,1,0,0,0,1
-ve/Skewed Bottle/snap_1205.jpg,0,0,0,0,1,0,0,0,1
-ve/Skewed Bottle/snap_1206.jpg,0,0,0,0,1,0,0,0,1
-ve/Skewed Bottle/snap_1207.jpg,0,0,0,0,1,0,0,0,1
-ve/Skewed Bottle/snap_1208.jpg,0,0,0,0,1,0,0,0,1
-ve/Skewed Bottle/snap_1209.jpg,0,0,0,0,1,0,0,0,1
-ve/Skewed Bottle/snap_1210.jpg,0,0,0,0,1,0,0,0,1
-ve/Skewed Bottle/snap_1211.jpg,0,0,0,0,1,0,0,0,1
-ve/Skewed Bottle/snap_1212.jpg,0,0,0,0,1,0,0,0,1
-ve/Skewed Bottle/snap_1213.jpg,0,0,0,0,1,0,0,0,1
-ve/Skewed Bottle/snap_1214.jpg,0,0,0,0,1,0,0,0,1
-ve/Skewed Bottle/snap_1215.jpg,0,0,0,0,1,0,0,0,1
-ve/Skewed Bottle/snap_1216.jpg,0,0,0,0,1,0,0,0,1
-ve/Skewed Bottle/snap_1217.jpg,0,0,0,0,1,0,0,0,1
-ve/Skewed Bottle/snap_1218.jpg,0,0,0,0,1,0,0,0,1
-ve/Skewed Bottle/snap_1219.jpg,0,0,0,0,1,0,0,0,1
-ve/Skewed Bottle/snap_1220.jpg,0,0,0,0,1,0,0,0,1
-ve/Skewed Bottle/snap_1221.jpg,0,0,0,0,1,0,0,0,1
-ve/Skewed Bottle/snap_1222.jpg,0,0,0,0,1,0,0,0,1
-ve/Skewed Bottle/snap_1223.jpg,0,0,0,0,1,0,0,0,1
-ve/Skewed Bottle/snap_1224.jpg,0,0,0,0,1,0,0,0,1
-ve/Skewed Bottle/snap_1225.jpg,0,0,0,0,1,0,0,0,1
-ve/Skewed Bottle/snap_1226.jpg,0,0,0,0,1,0,0,0,1
-ve/Skewed Bottle/snap_1227.jpg,0,0,0,0,1,0,0,0,1
-ve/Skewed Bottle/snap_1228.jpg,0,0,0,0,1,0,0,0,1
-ve/Skewed Bottle/snap_1229.jpg,0,0,0,0,1,0,0,0,1
-ve/Skewed Bottle/snap_1230.jpg,0,0,0,0,1,0,0,0,1
-ve/Skewed Bottle/snap_1231.jpg,0,0,0,0,1,0,0,0,1
-ve/Skewed Bottle/snap_1232.jpg,0,0,0,0,1,0,0,0,1
-ve/Skewed Bottle/snap_1233.jpg,0,0,0,0,1,0,0,0,1
-ve/Skewed Bottle/snap_1234.jpg,0,0,0,0,1,0,0,0,1
-ve/Skewed Bottle/snap_1235.jpg,0,0,0,0,1,0,0,0,1
-ve/Skewed Bottle/snap_1236.jpg,0,0,0,0,1,0,0,0,1
-ve/Skewed Bottle/snap_1237.jpg,0,0,0,0,1,0,0,0,1
-ve/Skewed Bottle/snap_1238.jpg,0,0,0,0,1,0,0,0,1
-ve/Skewed Bottle/snap_1239.jpg,0,0,0,0,1,0,0,0,1
-ve/Skewed Bottle/snap_1240.jpg,0,0,0,0,1,0,0,0,1
-ve/Skewed Bottle/snap_1241.jpg,0,0,0,0,1,0,0,0,1
-ve/Skewed Bottle/snap_1242.jpg,0,0,0,0,1,0,0,0,1
-ve/Skewed Bottle/snap_1243.jpg,0,0,0,0,1,0,0,0,1
-ve/Skewed Bottle/snap_1244.jpg,0,0,0,0,1,0,0,0,1
-ve/Skewed Bottle/snap_1245.jpg,0,0,0,0,1,0,0,0,1
-ve/Skewed Bottle/snap_1246.jpg,0,0,0,0,1,0,0,0,1
-ve/Skewed Bottle/snap_1247.jpg,0,0,0,0,1,0,0,0,1
-ve/Skewed Bottle/snap_1248.jpg,0,0,0,0,1,0,0,0,1
-ve/Skewed Bottle/snap_1249.jpg,0,0,0,0,1,0,0,0,1
-ve/Skewed Bottle/snap_1250.jpg,0,0,0,0,1,0,0,0,1
-ve/Skewed Bottle/snap_1251.jpg,0,0,0,0,1,0,0,0,1
-ve/Skewed Bottle/snap_1252.jpg,0,0,0,0,1,0,0,0,1
-ve/Skewed Bottle/snap_1253.jpg,0,0,0,0,1,0,0,0,1
-ve/Skewed Bottle/snap_1254.jpg,0,0,0,0,1,0,0,0,1
-ve/Skewed Bottle/snap_1255.jpg,0,0,0,0,1,0,0,0,1
-ve/Skewed Bottle/snap_1256.jpg,0,0,0,0,1,0,0,0,1
-ve/Skewed Bottle/snap_1257.jpg,0,0,0,0,1,0,0,0,1
-ve/Skewed Bottle/snap_1258.jpg,0,0,0,0,1,0,0,0,1
-ve/Skewed Bottle/snap_1259.jpg,0,0,0,0,1,0,0,0,1
-ve/Skewed Bottle/snap_1260.jpg,0,0,0,0,1,0,0,0,1
-ve/Skewed Bottle/snap_1261.jpg,0,0,0,0,1,0,0,0,1
-ve/Skewed Bottle/snap_1262.jpg,0,0,0,0,1,0,0,0,1
-ve/Skewed Bottle/snap_1263.jpg,0,0,0,0,1,0,0,0,1
-ve/Skewed Bottle/snap_1264.jpg,0,0,0,0,1,0,0,0,1
-ve/Skewed Bottle/snap_1265.jpg,0,0,0,0,1,0,0,0,1
-ve/Skewed Bottle/snap_1266.jpg,0,0,0,0,1,0,0,0,1
-ve/Skewed Bottle/snap_1267.jpg,0,0,0,0,1,0,0,0,1
-ve/Skewed Bottle/snap_1268.jpg,0,0,0,0,1,0,0,0,1
-ve/Skewed Bottle/snap_1269.jpg,0,0,0,0,1,0,0,0,1
-ve/Skewed Bottle/snap_1270.jpg,0,0,0,0,1,0,0,0,1
-ve/Skewed Bottle/snap_1271.jpg,0,0,0,0,1,0,0,0,1
-ve/Skewed Bottle/snap_1272.jpg,0,0,0,0,1,0,0,0,1
-ve/Skewed Bottle/snap_1273.jpg,0,0,0,0,1,0,0,0,1
-ve/Skewed Bottle/snap_1274.jpg,0,0,0,0,1,0,0,0,1
-ve/Skewed Bottle/snap_1275.jpg,0,0,0,0,1,0,0,0,1
-ve/Skewed Bottle/snap_1276.jpg,0,0,0,0,1,0,0,0,1
-ve/Skewed Bottle/snap_1277.jpg,0,0,0,0,1,0,0,0,1
-ve/Skewed Bottle/snap_1278.jpg,0,0,0,0,1,0,0,0,1
-ve/Skewed Bottle/snap_1279.jpg,0,0,0,0,1,0,0,0,1
-ve/Skewed Bottle/snap_1280.jpg,0,0,0,0,1,0,0,0,1
-ve/Skewed Bottle/snap_1281.jpg,0,0,0,0,1,0,0,0,1
-ve/Skewed Bottle/snap_1282.jpg,0,0,0,0,1,0,0,0,1
-ve/Skewed Bottle/snap_1283.jpg,0,0,0,0,1,0,0,0,1
-ve/Skewed Bottle/snap_1284.jpg,0,0,0,0,1,0,0,0,1
-ve/Skewed Bottle/snap_1285.jpg,0,0,0,0,1,0,0,0,1
-ve/Skewed Bottle/snap_1286.jpg,0,0,0,0,1,0,0,0,1
-ve/Skewed Bottle/snap_1287.jpg,0,0,0,0,1,0,0,0,1
-ve/Skewed Bottle/snap_1288.jpg,0,0,0,0,1,0,0,0,1
-ve/Skewed Bottle/snap_1289.jpg,0,0,0,0,1,0,0,0,1
-ve/Skewed Bottle/snap_1290.jpg,0,0,0,0,1,0,0,0,1
-ve/Skewed Bottle/snap_1291.jpg,0,0,0,0,1,0,0,0,1
-ve/Skewed Bottle/snap_1292.jpg,0,0,0,0,1,0,0,0,1
-ve/Skewed Bottle/snap_1293.jpg,0,0,0,0,1,0,0,0,1
-ve/Skewed Bottle/snap_1294.jpg,0,0,0,0,1,0,0,0,1
-ve/Skewed Bottle/snap_1295.jpg,0,0,0,0,1,0,0,0,1
-ve/Skewed Bottle/snap_1296.jpg,0,0,0,0,1,0,0,0,1
-ve/Skewed Bottle/snap_1297.jpg,0,0,0,0,1,0,0,0,1
-ve/Skewed Bottle/snap_1298.jpg,0,0,0,0,1,0,0,0,1
-ve/Skewed Bottle/snap_1299.jpg,0,0,0,0,1,0,0,0,1
-ve/Skewed Bottle/snap_1300.jpg,0,0,0,0,1,0,0,0,1
-ve/Skewed Bottle/snap_1301.jpg,0,0,0,0,1,0,0,0,1
-ve/Skewed Bottle/snap_1302.jpg,0,0,0,0,1,0,0,0,1
-ve/Skewed Bottle/snap_1303.jpg,0,0,0,0,1,0,0,0,1
-ve/Skewed Bottle/snap_1304.jpg,0,0,0,0,1,0,0,0,1
-ve/Skewed Bottle/snap_1305.jpg,0,0,0,0,1,0,0,0,1
-ve/Skewed Bottle/snap_1306.jpg,0,0,0,0,1,0,0,0,1
-ve/Skewed Bottle/snap_1307.jpg,0,0,0,0,1,0,0,0,1
-ve/Skewed Bottle/snap_1308.jpg,0,0,0,0,1,0,0,0,1
-ve/Skewed Bottle/snap_1309.jpg,0,0,0,0,1,0,0,0,1
-ve/Skewed Bottle/snap_1310.jpg,0,0,0,0,1,0,0,0,1
-ve/Skewed Bottle/snap_1311.jpg,0,0,0,0,1,0,0,0,1
-ve/Skewed Bottle/snap_1312.jpg,0,0,0,0,1,0,0,0,1
-ve/Skewed Bottle/snap_1313.jpg,0,0,0,0,1,0,0,0,1
-ve/Skewed Bottle/snap_1314.jpg,0,0,0,0,1,0,0,0,1
-ve/Skewed Bottle/snap_1315.jpg,0,0,0,0,1,0,0,0,1
-ve/Skewed Bottle/snap_1316.jpg,0,0,0,0,1,0,0,0,1
-ve/Skewed Bottle/snap_1317.jpg,0,0,0,0,1,0,0,0,1
-ve/Skewed Bottle/snap_1318.jpg,0,0,0,0,1,0,0,0,1
-ve/Skewed Bottle/snap_1319.jpg,0,0,0,0,1,0,0,0,1
-ve/Skewed Bottle/snap_1320.jpg,0,0,0,0,1,0,0,0,1
-ve/Skewed Bottle/snap_1321.jpg,0,0,0,0,1,0,0,0,1
-ve/Skewed Bottle/snap_1322.jpg,0,0,0,0,1,0,0,0,1
-ve/Skewed Bottle/snap_1323.jpg,0,0,0,0,1,0,0,0,1
-ve/Skewed Bottle/snap_1324.jpg,0,0,0,0,1,0,0,0,1
-ve/Skewed Bottle/snap_1325.jpg,0,0,0,0,1,0,0,0,1
-ve/Skewed Bottle/snap_1326.jpg,0,0,0,0,1,0,0,0,1
-ve/Skewed Bottle/snap_1327.jpg,0,0,0,0,1,0,0,0,1
-ve/Skewed Bottle/snap_1328.jpg,0,0,0,0,1,0,0,0,1
-ve/Skewed Bottle/snap_1329.jpg,0,0,0,0,1,0,0,0,1
-ve/Skewed Bottle/snap_1330.jpg,0,0,0,0,1,0,0,0,1
-ve/Skewed Bottle/snap_1331.jpg,0,0,0,0,1,0,0,0,1
-ve/Skewed Bottle/snap_1332.jpg,0,0,0,0,1,0,0,0,1
-ve/Skewed Bottle/snap_1333.jpg,0,0,0,0,1,0,0,0,1
-ve/Skewed Bottle/snap_1334.jpg,0,0,0,0,1,0,0,0,1
-ve/Skewed Bottle/snap_1335.jpg,0,0,0,0,1,0,0,0,1
-ve/Skewed Bottle/snap_1336.jpg,0,0,0,0,1,0,0,0,1
-ve/Skewed Bottle/snap_1337.jpg,0,0,0,0,1,0,0,0,1
-ve/Skewed Bottle/snap_1338.jpg,0,0,0,0,1,0,0,0,1
-ve/Skewed Bottle/snap_1339.jpg,0,0,0,0,1,0,0,0,1
-ve/Skewed Bottle/snap_1340.jpg,0,0,0,0,1,0,0,0,1
-ve/Skewed Bottle/snap_1341.jpg,0,0,0,0,1,0,0,0,1
-ve/Skewed Bottle/snap_1342.jpg,0,0,0,0,1,0,0,0,1
-ve/Skewed Bottle/snap_1343.jpg,0,0,0,0,1,0,0,0,1
-ve/Skewed Bottle/snap_1344.jpg,0,0,0,0,1,0,0,0,1
-ve/Skewed Bottle/snap_1345.jpg,0,0,0,0,1,0,0,0,1
-ve/Skewed Bottle/snap_1346.jpg,0,0,0,0,1,0,0,0,1
-ve/Skewed Bottle/snap_1347.jpg,0,0,0,0,1,0,0,0,1
-ve/Skewed Bottle/snap_1348.jpg,0,0,0,0,1,0,0,0,1
-ve/Skewed Bottle/snap_1349.jpg,0,0,0,0,1,0,0,0,1
-ve/Skewed Bottle/snap_1350.jpg,0,0,0,0,1,0,0,0,1
-ve/Skewed Bottle/snap_1351.jpg,0,0,0,0,1,0,0,0,1
-ve/Skewed Bottle/snap_1352.jpg,0,0,0,0,1,0,0,0,1
-ve/Skewed Bottle/snap_1353.jpg,0,0,0,0,1,0,0,0,1
-ve/Skewed Bottle/snap_1354.jpg,0,0,0,0,1,0,0,0,1
-ve/Skewed Bottle/snap_1355.jpg,0,0,0,0,1,0,0,0,1
-ve/Skewed Bottle/snap_1356.jpg,0,0,0,0,1,0,0,0,1
-ve/Skewed Bottle/snap_1357.jpg,0,0,0,0,1,0,0,0,1
-ve/Skewed Bottle/snap_1358.jpg,0,0,0,0,1,0,0,0,1
-ve/Skewed Bottle/snap_1359.jpg,0,0,0,0,1,0,0,0,1
-ve/Skewed Bottle/snap_1360.jpg,0,0,0,0,1,0,0,0,1
-ve/Skewed Bottle/snap_1361.jpg,0,0,0,0,1,0,0,0,1
-ve/Skewed Bottle/snap_1362.jpg,0,0,0,0,1,0,0,0,1
-ve/Skewed Bottle/snap_1363.jpg,0,0,0,0,1,0,0,0,1
-ve/Skewed Bottle/snap_1364.jpg,0,0,0,0,1,0,0,0,1
-ve/Skewed Label/snap_073.jpg,0,0,0,0,0,1,0,0,1
-ve/Skewed Label/snap_074.jpg,0,0,0,0,0,1,0,0,1
-ve/Skewed Label/snap_076.jpg,0,0,0,0,0,1,0,0,1
-ve/Skewed Label/snap_077.jpg,0,0,0,0,0,1,0,0,1
-ve/Skewed Label/snap_078.jpg,0,0,0,0,0,1,0,0,1
-ve/Skewed Label/snap_079.jpg,0,0,0,0,0,1,0,0,1
-ve/Skewed Label/snap_080.jpg,0,0,0,0,0,1,0,0,1
-ve/Skewed Label/snap_081.jpg,0,0,0,0,0,1,0,0,1
-ve/Skewed Label/snap_082.jpg,0,0,0,0,0,1,0,0,1
-ve/Skewed Label/snap_083.jpg,0,0,0,0,0,1,0,0,1
-ve/Skewed Label/snap_084.jpg,0,0,0,0,0,1,0,0,1
-ve/Skewed Label/snap_085.jpg,0,0,0,0,0,1,0,0,1
-ve/Skewed Label/snap_086.jpg,0,0,0,0,0,1,0,0,1
-ve/Skewed Label/snap_087.jpg,0,0,0,0,0,1,0,0,1
-ve/Skewed Label/snap_088.jpg,0,0,0,0,0,1,0,0,1
-ve/Skewed Label/snap_089.jpg,0,0,0,0,0,1,0,0,1
-ve/Skewed Label/snap_090.jpg,0,0,0,0,0,1,0,0,1
-ve/Skewed Label/snap_091.jpg,0,0,0,0,0,1,0,0,1
-ve/Skewed Label/snap_092.jpg,0,0,0,0,0,1,0,0,1
-ve/Skewed Label/snap_093.jpg,0,0,0,0,0,1,0,0,1
-ve/Skewed Label/snap_094.jpg,0,0,0,0,0,1,0,0,1
-ve/Skewed Label/snap_095.jpg,0,0,0,0,0,1,0,0,1
-ve/Skewed Label/snap_096.jpg,0,0,0,0,0,1,0,0,1
-ve/Skewed Label/snap_097.jpg,0,0,0,0,0,1,0,0,1
-ve/Skewed Label/snap_098.jpg,0,0,0,0,0,1,0,0,1
-ve/Skewed Label/snap_099.jpg,0,0,0,0,0,1,0,0,1
-ve/Skewed Label/snap_100.jpg,0,0,0,0,0,1,0,0,1
-ve/Skewed Label/snap_101.jpg,0,0,0,0,0,1,0,0,1
-ve/Skewed Label/snap_102.jpg,0,0,0,0,0,1,0,0,1
-ve/Skewed Label/snap_103.jpg,0,0,0,0,0,1,0,0,1
-ve/Skewed Label/snap_104.jpg,0,0,0,0,0,1,0,0,1
-ve/Skewed Label/snap_105.jpg,0,0,0,0,0,1,0,0,1
-ve/Skewed Label/snap_106.jpg,0,0,0,0,0,1,0,0,1
-ve/Skewed Label/snap_107.jpg,0,0,0,0,0,1,0,0,1
-ve/Skewed Label/snap_108.jpg,0,0,0,0,0,1,0,0,1
-ve/Skewed Label/snap_109.jpg,0,0,0,0,0,1,0,0,1
-ve/Skewed Label/snap_110.jpg,0,0,0,0,0,1,0,0,1
-ve/Skewed Label/snap_111.jpg,0,0,0,0,0,1,0,0,1
-ve/Skewed Label/snap_112.jpg,0,0,0,0,0,1,0,0,1
-ve/Skewed Label/snap_113.jpg,0,0,0,0,0,1,0,0,1
-ve/Skewed Label/snap_114.jpg,0,0,0,0,0,1,0,0,1
-ve/Skewed Label/snap_115.jpg,0,0,0,0,0,1,0,0,1
-ve/Skewed Label/snap_116.jpg,0,0,0,0,0,1,0,0,1
-ve/Skewed Label/snap_117.jpg,0,0,0,0,0,1,0,0,1
-ve/Skewed Label/snap_118.jpg,0,0,0,0,0,1,0,0,1
-ve/Skewed Label/snap_119.jpg,0,0,0,0,0,1,0,0,1
-ve/Skewed Label/snap_120.jpg,0,0,0,0,0,1,0,0,1
-ve/Skewed Label/snap_121.jpg,0,0,0,0,0,1,0,0,1
-ve/Skewed Label/snap_122.jpg,0,0,0,0,0,1,0,0,1
-ve/Skewed Label/snap_123.jpg,0,0,0,0,0,1,0,0,1
-ve/Skewed Label/snap_124.jpg,0,0,0,0,0,1,0,0,1
-ve/Skewed Label/snap_125.jpg,0,0,0,0,0,1,0,0,1
-ve/Skewed Label/snap_126.jpg,0,0,0,0,0,1,0,0,1
-ve/Skewed Label/snap_127.jpg,0,0,0,0,0,1,0,0,1
-ve/Skewed Label/snap_128.jpg,0,0,0,0,0,1,0,0,1
-ve/Skewed Label/snap_129.jpg,0,0,0,0,0,1,0,0,1
-ve/Skewed Label/snap_130.jpg,0,0,0,0,0,1,0,0,1
-ve/Skewed Label/snap_131.jpg,0,0,0,0,0,1,0,0,1
-ve/Skewed Label/snap_132.jpg,0,0,0,0,0,1,0,0,1
-ve/Skewed Label/snap_133.jpg,0,0,0,0,0,1,0,0,1
-ve/Skewed Label/snap_134.jpg,0,0,0,0,0,1,0,0,1
-ve/Skewed Label/snap_135.jpg,0,0,0,0,0,1,0,0,1
-ve/Skewed Label/snap_136.jpg,0,0,0,0,0,1,0,0,1
-ve/Skewed Label/snap_137.jpg,0,0,0,0,0,1,0,0,1
-ve/Skewed Label/snap_138.jpg,0,0,0,0,0,1,0,0,1
-ve/Skewed Label/snap_139.jpg,0,0,0,0,0,1,0,0,1
-ve/Skewed Label/snap_140.jpg,0,0,0,0,0,1,0,0,1
-ve/Skewed Label/snap_141.jpg,0,0,0,0,0,1,0,0,1
-ve/Skewed Label/snap_142.jpg,0,0,0,0,0,1,0,0,1
-ve/Skewed Label/snap_143.jpg,0,0,0,0,0,1,0,0,1
-ve/Tilt Cap/snap_145.jpg,0,0,0,0,0,0,1,0,1
-ve/Tilt Cap/snap_146.jpg,0,0,0,0,0,0,1,0,1
-ve/Tilt Cap/snap_147.jpg,0,0,0,0,0,0,1,0,1
-ve/Tilt Cap/snap_148.jpg,0,0,0,0,0,0,1,0,1
-ve/Tilt Cap/snap_149.jpg,0,0,0,0,0,0,1,0,1
-ve/Tilt Cap/snap_150.jpg,0,0,0,0,0,0,1,0,1
-ve/Tilt Cap/snap_151.jpg,0,0,0,0,0,0,1,0,1
-ve/Tilt Cap/snap_152.jpg,0,0,0,0,0,0,1,0,1
-ve/Tilt Cap/snap_153.jpg,0,0,0,0,0,0,1,0,1
-ve/Tilt Cap/snap_154.jpg,0,0,0,0,0,0,1,0,1
-ve/Tilt Cap/snap_155.jpg,0,0,0,0,0,0,1,0,1
-ve/Tilt Cap/snap_156.jpg,0,0,0,0,0,0,1,0,1
-ve/Tilt Cap/snap_157.jpg,0,0,0,0,0,0,1,0,1
-ve/Tilt Cap/snap_158.jpg,0,0,0,0,0,0,1,0,1
-ve/Tilt Cap/snap_159.jpg,0,0,0,0,0,0,1,0,1
-ve/Tilt Cap/snap_160.jpg,0,0,0,0,0,0,1,0,1
-ve/Tilt Cap/snap_161.jpg,0,0,0,0,0,0,1,0,1
-ve/Tilt Cap/snap_162.jpg,0,0,0,0,0,0,1,0,1
-ve/Tilt Cap/snap_163.jpg,0,0,0,0,0,0,1,0,1
-ve/Tilt Cap/snap_164.jpg,0,0,0,0,0,0,1,0,1
-ve/Tilt Cap/snap_165.jpg,0,0,0,0,0,0,1,0,1
-ve/Tilt Cap/snap_166.jpg,0,0,0,0,0,0,1,0,1
-ve/Tilt Cap/snap_167.jpg,0,0,0,0,0,0,1,0,1
-ve/Tilt Cap/snap_168.jpg,0,0,0,0,0,0,1,0,1
-ve/Tilt Cap/snap_169.jpg,0,0,0,0,0,0,1,0,1
-ve/Tilt Cap/snap_170.jpg,0,0,0,0,0,0,1,0,1
-ve/Tilt Cap/snap_171.jpg,0,0,0,0,0,0,1,0,1
-ve/Tilt Cap/snap_172.jpg,0,0,0,0,0,0,1,0,1
-ve/Tilt Cap/snap_173.jpg,0,0,0,0,0,0,1,0,1
-ve/Tilt Cap/snap_174.jpg,0,0,0,0,0,0,1,0,1
-ve/Tilt Cap/snap_175.jpg,0,0,0,0,0,0,1,0,1
-ve/Tilt Cap/snap_176.jpg,0,0,0,0,0,0,1,0,1
-ve/Tilt Cap/snap_177.jpg,0,0,0,0,0,0,1,0,1
-ve/Tilt Cap/snap_178.jpg,0,0,0,0,0,0,1,0,1
-ve/Tilt Cap/snap_179.jpg,0,0,0,0,0,0,1,0,1
-ve/Tilt Cap/snap_180.jpg,0,0,0,0,0,0,1,0,1
-ve/Tilt Cap/snap_181.jpg,0,0,0,0,0,0,1,0,1
-ve/Tilt Cap/snap_182.jpg,0,0,0,0,0,0,1,0,1
-ve/Tilt Cap/snap_183.jpg,0,0,0,0,0,0,1,0,1
-ve/Tilt Cap/snap_184.jpg,0,0,0,0,0,0,1,0,1
-ve/Tilt Cap/snap_185.jpg,0,0,0,0,0,0,1,0,1
-ve/Tilt Cap/snap_186.jpg,0,0,0,0,0,0,1,0,1
-ve/Tilt Cap/snap_187.jpg,0,0,0,0,0,0,1,0,1
-ve/Tilt Cap/snap_188.jpg,0,0,0,0,0,0,1,0,1
-ve/Tilt Cap/snap_189.jpg,0,0,0,0,0,0,1,0,1
-ve/Tilt Cap/snap_190.jpg,0,0,0,0,0,0,1,0,1
-ve/Tilt Cap/snap_191.jpg,0,0,0,0,0,0,1,0,1
-ve/Tilt Cap/snap_192.jpg,0,0,0,0,0,0,1,0,1
-ve/Tilt Cap/snap_193.jpg,0,0,0,0,0,0,1,0,1
-ve/Tilt Cap/snap_194.jpg,0,0,0,0,0,0,1,0,1
-ve/Tilt Cap/snap_195.jpg,0,0,0,0,0,0,1,0,1
-ve/Tilt Cap/snap_196.jpg,0,0,0,0,0,0,1,0,1
-ve/Tilt Cap/snap_197.jpg,0,0,0,0,0,0,1,0,1
-ve/Tilt Cap/snap_198.jpg,0,0,0,0,0,0,1,0,1
-ve/Tilt Cap/snap_199.jpg,0,0,0,0,0,0,1,0,1
-ve/Tilt Cap/snap_200.jpg,0,0,0,0,0,0,1,0,1
-ve/Tilt Cap/snap_201.jpg,0,0,0,0,0,0,1,0,1
-ve/Tilt Cap/snap_202.jpg,0,0,0,0,0,0,1,0,1
-ve/Tilt Cap/snap_203.jpg,0,0,0,0,0,0,1,0,1
-ve/Tilt Cap/snap_204.jpg,0,0,0,0,0,0,1,0,1
-ve/Tilt Cap/snap_205.jpg,0,0,0,0,0,0,1,0,1
-ve/Tilt Cap/snap_206.jpg,0,0,0,0,0,0,1,0,1
-ve/Tilt Cap/snap_207.jpg,0,0,0,0,0,0,1,0,1
-ve/Tilt Cap/snap_208.jpg,0,0,0,0,0,0,1,0,1
-ve/Tilt Cap/snap_209.jpg,0,0,0,0,0,0,1,0,1
-ve/Tilt Cap/snap_210.jpg,0,0,0,0,0,0,1,0,1
-ve/Tilt Cap/snap_211.jpg,0,0,0,0,0,0,1,0,1
-ve/Tilt Cap/snap_212.jpg,0,0,0,0,0,0,1,0,1
-ve/Tilt Cap/snap_213.jpg,0,0,0,0,0,0,1,0,1
-ve/Tilt Cap/snap_214.jpg,0,0,0,0,0,0,1,0,1
-ve/Tilt Cap/snap_215.jpg,0,0,0,0,0,0,1,0,1
-ve/Tilt Cap/snap_216.jpg,0,0,0,0,0,0,1,0,1
-ve/Tilt Cap/snap_217.jpg,0,0,0,0,0,0,1,0,1
-ve/Tilt Cap/snap_218.jpg,0,0,0,0,0,0,1,0,1
-ve/Tilt Cap/snap_219.jpg,0,0,0,0,0,0,1,0,1
-ve/Tilt Cap/snap_220.jpg,0,0,0,0,0,0,1,0,1
-ve/Tilt Cap/snap_221.jpg,0,0,0,0,0,0,1,0,1
-ve/Tilt Cap/snap_222.jpg,0,0,0,0,0,0,1,0,1
-ve/Tilt Cap/snap_223.jpg,0,0,0,0,0,0,1,0,1
-ve/Tilt Cap/snap_224.jpg,0,0,0,0,0,0,1,0,1
-ve/Tilt Cap/snap_225.jpg,0,0,0,0,0,0,1,0,1
-ve/Tilt Cap/snap_226.jpg,0,0,0,0,0,0,1,0,1
-ve/Tilt Cap/snap_227.jpg,0,0,0,0,0,0,1,0,1
-ve/Tilt Cap/snap_228.jpg,0,0,0,0,0,0,1,0,1
-ve/Tilt Cap/snap_229.jpg,0,0,0,0,0,0,1,0,1
-ve/Tilt Cap/snap_230.jpg,0,0,0,0,0,0,1,0,1
-ve/Tilt Cap/snap_231.jpg,0,0,0,0,0,0,1,0,1
-ve/Tilt Cap/snap_232.jpg,0,0,0,0,0,0,1,0,1
-ve/Tilt Cap/snap_233.jpg,0,0,0,0,0,0,1,0,1
-ve/Tilt Cap/snap_234.jpg,0,0,0,0,0,0,1,0,1
-ve/Tilt Cap/snap_235.jpg,0,0,0,0,0,0,1,0,1
-ve/Tilt Cap/snap_236.jpg,0,0,0,0,0,0,1,0,1
-ve/Tilt Cap/snap_237.jpg,0,0,0,0,0,0,1,0,1
-ve/Tilt Cap/snap_238.jpg,0,0,0,0,0,0,1,0,1
-ve/Tilt Cap/snap_239.jpg,0,0,0,0,0,0,1,0,1
-ve/Tilt Cap/snap_240.jpg,0,0,0,0,0,0,1,0,1
-ve/Tilt Cap/snap_241.jpg,0,0,0,0,0,0,1,0,1
-ve/Tilt Cap/snap_242.jpg,0,0,0,0,0,0,1,0,1
-ve/Tilt Cap/snap_243.jpg,0,0,0,0,0,0,1,0,1
-ve/Tilt Cap/snap_244.jpg,0,0,0,0,0,0,1,0,1
-ve/Tilt Cap/snap_245.jpg,0,0,0,0,0,0,1,0,1
-ve/Tilt Cap/snap_246.jpg,0,0,0,0,0,0,1,0,1
-ve/Tilt Cap/snap_247.jpg,0,0,0,0,0,0,1,0,1
-ve/Tilt Cap/snap_248.jpg,0,0,0,0,0,0,1,0,1
-ve/Tilt Cap/snap_249.jpg,0,0,0,0,0,0,1,0,1
-ve/Tilt Cap/snap_250.jpg,0,0,0,0,0,0,1,0,1
-ve/Tilt Cap/snap_251.jpg,0,0,0,0,0,0,1,0,1
-ve/Tilt Cap/snap_252.jpg,0,0,0,0,0,0,1,0,1
-ve/Tilt Cap/snap_253.jpg,0,0,0,0,0,0,1,0,1
-ve/Tilt Cap/snap_254.jpg,0,0,0,0,0,0,1,0,1
-ve/Tilt Cap/snap_255.jpg,0,0,0,0,0,0,1,0,1
-ve/Tilt Cap/snap_256.jpg,0,0,0,0,0,0,1,0,1
-ve/Tilt Cap/snap_257.jpg,0,0,0,0,0,0,1,0,1
-ve/Tilt Cap/snap_258.jpg,0,0,0,0,0,0,1,0,1
-ve/Tilt Cap/snap_259.jpg,0,0,0,0,0,0,1,0,1
-ve/Tilt Cap/snap_260.jpg,0,0,0,0,0,0,1,0,1
-ve/Tilt Cap/snap_261.jpg,0,0,0,0,0,0,1,0,1
-ve/Tilt Cap/snap_262.jpg,0,0,0,0,0,0,1,0,1
-ve/Tilt Cap/snap_263.jpg,0,0,0,0,0,0,1,0,1
-ve/Tilt Cap/snap_264.jpg,0,0,0,0,0,0,1,0,1
-ve/Tilt Cap/snap_265.jpg,0,0,0,0,0,0,1,0,1
-ve/Tilt Cap/snap_266.jpg,0,0,0,0,0,0,1,0,1
-ve/Tilt Cap/snap_267.jpg,0,0,0,0,0,0,1,0,1
-ve/Tilt Cap/snap_268.jpg,0,0,0,0,0,0,1,0,1
-ve/Tilt Cap/snap_269.jpg,0,0,0,0,0,0,1,0,1
-ve/Tilt Cap/snap_270.jpg,0,0,0,0,0,0,1,0,1
-ve/Tilt Cap/snap_271.jpg,0,0,0,0,0,0,1,0,1
-ve/Tilt Cap/snap_272.jpg,0,0,0,0,0,0,1,0,1
-ve/Tilt Cap/snap_273.jpg,0,0,0,0,0,0,1,0,1
-ve/Tilt Cap/snap_274.jpg,0,0,0,0,0,0,1,0,1
-ve/Tilt Cap/snap_275.jpg,0,0,0,0,0,0,1,0,1
-ve/Tilt Cap/snap_276.jpg,0,0,0,0,0,0,1,0,1
-ve/Tilt Cap/snap_277.jpg,0,0,0,0,0,0,1,0,1
-ve/Tilt Cap/snap_278.jpg,0,0,0,0,0,0,1,0,1
-ve/Tilt Cap/snap_279.jpg,0,0,0,0,0,0,1,0,1
-ve/Tilt Cap/snap_280.jpg,0,0,0,0,0,0,1,0,1
-ve/Tilt Cap/snap_281.jpg,0,0,0,0,0,0,1,0,1
-ve/Tilt Cap/snap_282.jpg,0,0,0,0,0,0,1,0,1
-ve/Tilt Cap/snap_283.jpg,0,0,0,0,0,0,1,0,1
-ve/Tilt Cap/snap_284.jpg,0,0,0,0,0,0,1,0,1
-ve/Tilt Cap/snap_285.jpg,0,0,0,0,0,0,1,0,1
-ve/Tilt Cap/snap_286.jpg,0,0,0,0,0,0,1,0,1
-ve/Tilt Cap/snap_287.jpg,0,0,0,0,0,0,1,0,1
-ve/Tilt Cap/snap_288.jpg,0,0,0,0,0,0,1,0,1
-ve/Tilt Cap/snap_289.jpg,0,0,0,0,0,0,1,0,1
-ve/Water Level/snap_290.jpg,0,0,0,0,0,0,0,1,1
-ve/Water Level/snap_291.jpg,0,0,0,0,0,0,0,1,1
-ve/Water Level/snap_292.jpg,0,0,0,0,0,0,0,1,1
-ve/Water Level/snap_293.jpg,0,0,0,0,0,0,0,1,1
-ve/Water Level/snap_294.jpg,0,0,0,0,0,0,0,1,1
-ve/Water Level/snap_295.jpg,0,0,0,0,0,0,0,1,1
-ve/Water Level/snap_296.jpg,0,0,0,0,0,0,0,1,1
-ve/Water Level/snap_297.jpg,0,0,0,0,0,0,0,1,1
-ve/Water Level/snap_298.jpg,0,0,0,0,0,0,0,1,1
-ve/Water Level/snap_299.jpg,0,0,0,0,0,0,0,1,1
-ve/Water Level/snap_300.jpg,0,0,0,0,0,0,0,1,1
-ve/Water Level/snap_301.jpg,0,0,0,0,0,0,0,1,1
-ve/Water Level/snap_302.jpg,0,0,0,0,0,0,0,1,1
-ve/Water Level/snap_303.jpg,0,0,0,0,0,0,0,1,1
-ve/Water Level/snap_304.jpg,0,0,0,0,0,0,0,1,1
-ve/Water Level/snap_305.jpg,0,0,0,0,0,0,0,1,1
-ve/Water Level/snap_306.jpg,0,0,0,0,0,0,0,1,1
-ve/Water Level/snap_307.jpg,0,0,0,0,0,0,0,1,1
-ve/Water Level/snap_308.jpg,0,0,0,0,0,0,0,1,1
-ve/Water Level/snap_309.jpg,0,0,0,0,0,0,0,1,1
-ve/Water Level/snap_310.jpg,0,0,0,0,0,0,0,1,1
-ve/Water Level/snap_311.jpg,0,0,0,0,0,0,0,1,1
-ve/Water Level/snap_312.jpg,0,0,0,0,0,0,0,1,1
-ve/Water Level/snap_313.jpg,0,0,0,0,0,0,0,1,1
-ve/Water Level/snap_314.jpg,0,0,0,0,0,0,0,1,1
-ve/Water Level/snap_315.jpg,0,0,0,0,0,0,0,1,1
-ve/Water Level/snap_316.jpg,0,0,0,0,0,0,0,1,1
-ve/Water Level/snap_317.jpg,0,0,0,0,0,0,0,1,1
-ve/Water Level/snap_318.jpg,0,0,0,0,0,0,0,1,1
-ve/Water Level/snap_319.jpg,0,0,0,0,0,0,0,1,1
-ve/Water Level/snap_320.jpg,0,0,0,0,0,0,0,1,1
-ve/Water Level/snap_321.jpg,0,0,0,0,0,0,0,1,1
-ve/Water Level/snap_322.jpg,0,0,0,0,0,0,0,1,1
-ve/Water Level/snap_323.jpg,0,0,0,0,0,0,0,1,1
-ve/Water Level/snap_324.jpg,0,0,0,0,0,0,0,1,1
-ve/Water Level/snap_325.jpg,0,0,0,0,0,0,0,1,1
-ve/Water Level/snap_326.jpg,0,0,0,0,0,0,0,1,1
-ve/Water Level/snap_327.jpg,0,0,0,0,0,0,0,1,1
-ve/Water Level/snap_328.jpg,0,0,0,0,0,0,0,1,1
-ve/Water Level/snap_329.jpg,0,0,0,0,0,0,0,1,1
-ve/Water Level/snap_330.jpg,0,0,0,0,0,0,0,1,1
-ve/Water Level/snap_331.jpg,0,0,0,0,0,0,0,1,1
-ve/Water Level/snap_332.jpg,0,0,0,0,0,0,0,1,1
-ve/Water Level/snap_333.jpg,0,0,0,0,0,0,0,1,1
-ve/Water Level/snap_334.jpg,0,0,0,0,0,0,0,1,1
-ve/Water Level/snap_335.jpg,0,0,0,0,0,0,0,1,1
-ve/Water Level/snap_336.jpg,0,0,0,0,0,0,0,1,1
-ve/Water Level/snap_337.jpg,0,0,0,0,0,0,0,1,1
-ve/Water Level/snap_338.jpg,0,0,0,0,0,0,0,1,1
-ve/Water Level/snap_339.jpg,0,0,0,0,0,0,0,1,1
-ve/Water Level/snap_340.jpg,0,0,0,0,0,0,0,1,1
-ve/Water Level/snap_341.jpg,0,0,0,0,0,0,0,1,1
-ve/Water Level/snap_342.jpg,0,0,0,0,0,0,0,1,1
-ve/Water Level/snap_343.jpg,0,0,0,0,0,0,0,1,1
-ve/Water Level/snap_344.jpg,0,0,0,0,0,0,0,1,1
-ve/Water Level/snap_345.jpg,0,0,0,0,0,0,0,1,1
-ve/Water Level/snap_346.jpg,0,0,0,0,0,0,0,1,1
-ve/Water Level/snap_347.jpg,0,0,0,0,0,0,0,1,1
-ve/Water Level/snap_348.jpg,0,0,0,0,0,0,0,1,1
-ve/Water Level/snap_349.jpg,0,0,0,0,0,0,0,1,1
-ve/Water Level/snap_350.jpg,0,0,0,0,0,0,0,1,1
-ve/Water Level/snap_351.jpg,0,0,0,0,0,0,0,1,1
-ve/Water Level/snap_352.jpg,0,0,0,0,0,0,0,1,1
-ve/Water Level/snap_353.jpg,0,0,0,0,0,0,0,1,1
-ve/Water Level/snap_354.jpg,0,0,0,0,0,0,0,1,1
-ve/Water Level/snap_355.jpg,0,0,0,0,0,0,0,1,1
-ve/Water Level/snap_356.jpg,0,0,0,0,0,0,0,1,1
-ve/Water Level/snap_357.jpg,0,0,0,0,0,0,0,1,1
-ve/Water Level/snap_358.jpg,0,0,0,0,0,0,0,1,1
-ve/Water Level/snap_359.jpg,0,0,0,0,0,0,0,1,1
-ve/Water Level/snap_360.jpg,0,0,0,0,0,0,0,1,1
-ve/Water Level/snap_361.jpg,0,0,0,0,0,0,0,1,1
-ve/Water Level/snap_362.jpg,0,0,0,0,0,0,0,1,1
-ve/Water Level/snap_363.jpg,0,0,0,0,0,0,0,1,1
-ve/Water Level/snap_364.jpg,0,0,0,0,0,0,0,1,1
-ve/Water Level/snap_365.jpg,0,0,0,0,0,0,0,1,1
-ve/Water Level/snap_366.jpg,0,0,0,0,0,0,0,1,1
-ve/Water Level/snap_367.jpg,0,0,0,0,0,0,0,1,1
-ve/Water Level/snap_368.jpg,0,0,0,0,0,0,0,1,1
-ve/Water Level/snap_369.jpg,0,0,0,0,0,0,0,1,1
-ve/Water Level/snap_370.jpg,0,0,0,0,0,0,0,1,1
-ve/Water Level/snap_371.jpg,0,0,0,0,0,0,0,1,1
-ve/Water Level/snap_372.jpg,0,0,0,0,0,0,0,1,1
-ve/Water Level/snap_373.jpg,0,0,0,0,0,0,0,1,1
-ve/Water Level/snap_374.jpg,0,0,0,0,0,0,0,1,1
-ve/Water Level/snap_375.jpg,0,0,0,0,0,0,0,1,1
-ve/Water Level/snap_376.jpg,0,0,0,0,0,0,0,1,1
-ve/Water Level/snap_377.jpg,0,0,0,0,0,0,0,1,1
-ve/Water Level/snap_378.jpg,0,0,0,0,0,0,0,1,1
-ve/Water Level/snap_379.jpg,0,0,0,0,0,0,0,1,1
-ve/Water Level/snap_380.jpg,0,0,0,0,0,0,0,1,1
-ve/Water Level/snap_381.jpg,0,0,0,0,0,0,0,1,1
-ve/Water Level/snap_382.jpg,0,0,0,0,0,0,0,1,1
-ve/Water Level/snap_383.jpg,0,0,0,0,0,0,0,1,1
-ve/Water Level/snap_384.jpg,0,0,0,0,0,0,0,1,1
-ve/Water Level/snap_385.jpg,0,0,0,0,0,0,0,1,1
-ve/Water Level/snap_386.jpg,0,0,0,0,0,0,0,1,1
-ve/Water Level/snap_387.jpg,0,0,0,0,0,0,0,1,1
-ve/Water Level/snap_388.jpg,0,0,0,0,0,0,0,1,1
-ve/Water Level/snap_389.jpg,0,0,0,0,0,0,0,1,1
-ve/Water Level/snap_390.jpg,0,0,0,0,0,0,0,1,1
-ve/Water Level/snap_391.jpg,0,0,0,0,0,0,0,1,1
-ve/Water Level/snap_392.jpg,0,0,0,0,0,0,0,1,1
-ve/Water Level/snap_393.jpg,0,0,0,0,0,0,0,1,1
-ve/Water Level/snap_394.jpg,0,0,0,0,0,0,0,1,1
-ve/Water Level/snap_395.jpg,0,0,0,0,0,0,0,1,1
-ve/Water Level/snap_396.jpg,0,0,0,0,0,0,0,1,1
-ve/Water Level/snap_397.jpg,0,0,0,0,0,0,0,1,1
-ve/Water Level/snap_398.jpg,0,0,0,0,0,0,0,1,1
-ve/Water Level/snap_399.jpg,0,0,0,0,0,0,0,1,1
-ve/Water Level/snap_400.jpg,0,0,0,0,0,0,0,1,1
-ve/Water Level/snap_401.jpg,0,0,0,0,0,0,0,1,1
