                  epoch,         train/box_loss,         train/cls_loss,         train/dfl_loss,   metrics/precision(B),      metrics/recall(B),       metrics/mAP50(B),    metrics/mAP50-95(B),           val/box_loss,           val/cls_loss,           val/dfl_loss,                 lr/pg0,                 lr/pg1,                 lr/pg2
                      1,                 1.0804,                 1.8215,                 1.1766,                0.99433,                0.31873,                 0.9381,                0.75437,                0.79425,                  2.109,                0.95974,             0.00046798,             0.00046798,             0.00046798
                      2,                0.89434,                0.87513,                 1.0283,                0.94031,                0.96709,                0.97963,                0.78608,                0.81544,                 1.1364,                0.95236,             0.00093262,             0.00093262,             0.00093262
                      3,                0.87873,                 0.7984,                 1.0262,                0.99626,                 0.9652,                0.97486,                0.76338,                0.82304,                 0.6265,                0.96089,              0.0013855,              0.0013855,              0.0013855
                      4,                 0.8501,                0.72634,                      1,                0.93445,                 0.9798,                0.97318,                0.79314,                0.75842,                0.65042,                0.94295,              0.0013759,              0.0013759,              0.0013759
                      5,                 0.8343,                 0.6983,                 1.0038,                0.99392,                0.97688,                0.97578,                0.80029,                0.73498,                0.49576,                0.91884,              0.0013759,              0.0013759,              0.0013759
                      6,                0.80925,                0.65011,                0.98963,                0.99629,                 0.9652,                0.97558,                0.79881,                0.70032,                0.48866,                0.91329,              0.0013583,              0.0013583,              0.0013583
                      7,                0.78863,                0.61854,                0.98131,                0.99136,                 0.9675,                0.97531,                0.80839,                 0.6984,                0.47548,                0.91512,              0.0013406,              0.0013406,              0.0013406
                      8,                0.76231,                0.57836,                0.97478,                 0.9926,                0.97504,                0.97586,                0.80505,                  0.704,                0.42791,                0.91875,              0.0013229,              0.0013229,              0.0013229
                      9,                 0.7806,                0.56433,                0.97411,                0.99609,                0.96716,                0.97711,                0.81018,                0.71775,                0.47298,                0.92742,              0.0013052,              0.0013052,              0.0013052
                     10,                0.76342,                0.53743,                0.97138,                0.99812,                0.97394,                0.97531,                0.79528,                0.75673,                0.49769,                0.92106,              0.0012875,              0.0012875,              0.0012875
                     11,                0.76624,                0.53737,                0.96901,                0.99818,                0.96541,                0.97462,                0.81561,                0.68266,                0.43421,                0.89907,              0.0012698,              0.0012698,              0.0012698
                     12,                0.76659,                0.51647,                0.96969,                0.99741,                 0.9652,                0.97497,                0.82256,                0.66528,                0.42436,                0.90728,              0.0012522,              0.0012522,              0.0012522
                     13,                0.73902,                0.49828,                0.97249,                0.99691,                0.97669,                0.97547,                 0.8138,                0.70098,                0.44286,                0.91425,              0.0012345,              0.0012345,              0.0012345
                     14,                0.74585,                0.49093,                0.96164,                0.99892,                 0.9798,                0.97784,                 0.8135,                0.67206,                 0.3809,                0.90345,              0.0012168,              0.0012168,              0.0012168
                     15,                0.72318,                0.46442,                0.96423,                0.99815,                 0.9798,                0.97664,                0.80871,                0.70883,                0.39292,                0.92216,              0.0011991,              0.0011991,              0.0011991
                     16,                0.74221,                0.46412,                0.96305,                0.99551,                 0.9798,                0.97583,                0.80136,                0.71545,                0.38129,                0.91477,              0.0011814,              0.0011814,              0.0011814
                     17,                0.73568,                0.45662,                0.95961,                0.99801,                0.97736,                0.97941,                0.83148,                0.67893,                 0.4195,                0.91397,              0.0011637,              0.0011637,              0.0011637
                     18,                0.71529,                0.44729,                0.96365,                0.99868,                 0.9798,                0.97964,                0.82294,                0.67649,                0.40095,                0.89779,              0.0011461,              0.0011461,              0.0011461
                     19,                0.74625,                0.45362,                0.96073,                0.99664,                 0.9798,                0.97787,                0.83837,                 0.6462,                0.36793,                 0.8963,              0.0011284,              0.0011284,              0.0011284
                     20,                 0.7188,                0.43087,                0.96319,                0.99601,                0.97301,                0.97774,                0.82642,                0.63845,                0.36645,                0.88902,              0.0011107,              0.0011107,              0.0011107
                     21,                0.71893,                0.43477,                 0.9617,                0.99762,                 0.9652,                0.97692,                0.81881,                0.68021,                0.37601,                0.89353,               0.001093,               0.001093,               0.001093
                     22,                0.70694,                0.42429,                0.94905,                0.99641,                0.97809,                0.97779,                0.81821,                0.68875,                0.36846,                0.90705,              0.0010753,              0.0010753,              0.0010753
                     23,                0.69804,                0.40547,                0.94692,                0.99037,                 0.9798,                0.97841,                0.83874,                0.64147,                0.36573,                0.88079,              0.0010576,              0.0010576,              0.0010576
                     24,                0.70696,                0.41313,                0.94676,                0.98972,                0.97809,                0.97995,                0.83305,                0.67537,                0.37748,                0.90389,                0.00104,                0.00104,                0.00104
                     25,                0.70664,                0.40604,                0.94957,                0.99828,                 0.9792,                0.98256,                 0.8321,                0.65547,                0.36505,                0.90552,              0.0010223,              0.0010223,              0.0010223
                     26,                0.69628,                0.40542,                0.94806,                0.99659,                 0.9747,                0.98133,                0.84089,                0.67105,                 0.3631,                0.89781,              0.0010046,              0.0010046,              0.0010046
                     27,                0.70211,                0.40769,                0.95131,                0.98756,                0.97736,                0.98151,                0.84105,                0.65381,                0.35304,                0.89811,              0.0009869,              0.0009869,              0.0009869
                     28,                0.67924,                0.39172,                0.93739,                0.99293,                0.97623,                0.98211,                0.85294,                0.61022,                0.35005,                0.88856,             0.00096922,             0.00096922,             0.00096922
                     29,                0.69935,                0.39488,                0.94169,                0.99712,                 0.9798,                0.97918,                0.82929,                0.64335,                0.34731,                0.88318,             0.00095154,             0.00095154,             0.00095154
                     30,                0.67071,                0.38859,                0.93808,                0.99669,                 0.9798,                0.98114,                0.82852,                0.67565,                0.35647,                0.89615,             0.00093385,             0.00093385,             0.00093385
                     31,                0.65495,                0.38174,                0.92723,                0.99331,                0.97493,                0.98089,                0.81522,                0.69155,                 0.3473,                0.90385,             0.00091617,             0.00091617,             0.00091617
                     32,                0.68404,                 0.3946,                0.94834,                0.99837,                 0.9798,                0.98029,                0.83706,                0.61542,                0.34437,                0.88745,             0.00089848,             0.00089848,             0.00089848
                     33,                0.68734,                 0.3919,                0.95311,                0.99709,                0.97971,                 0.9818,                0.83798,                0.65161,                0.32773,                0.89193,              0.0008808,              0.0008808,              0.0008808
                     34,                0.68311,                0.39179,                0.95099,                0.99531,                0.97736,                0.98477,                 0.8488,                0.62435,                 0.3336,                0.89098,             0.00086312,             0.00086312,             0.00086312
                     35,                0.68058,                0.38122,                0.94325,                0.99852,                 0.9652,                 0.9828,                0.84994,                0.61866,                0.34289,                0.88354,             0.00084543,             0.00084543,             0.00084543
                     36,                  0.672,                0.37325,                0.95168,                0.99907,                0.96542,                0.98164,                0.85269,                0.60148,                0.33216,                0.87643,             0.00082775,             0.00082775,             0.00082775
                     37,                0.65997,                0.36629,                0.93926,                0.99572,                0.97736,                0.98121,                0.84224,                0.61991,                0.31647,                 0.8834,             0.00081006,             0.00081006,             0.00081006
                     38,                0.66647,                0.37028,                0.94685,                 0.9974,                0.97956,                0.98395,                0.85157,                0.61389,                0.31877,                0.88098,             0.00079238,             0.00079238,             0.00079238
                     39,                0.66422,                0.35984,                 0.9386,                0.99602,                 0.9798,                0.98226,                0.84184,                0.66264,                 0.3439,                0.89994,              0.0007747,              0.0007747,              0.0007747
                     40,                0.65133,                0.35967,                0.93764,                0.98942,                0.97592,                0.98216,                0.83641,                0.63586,                0.35657,                0.88645,             0.00075701,             0.00075701,             0.00075701
                     41,                0.65638,                   0.36,                0.94126,                0.99316,                 0.9725,                0.98178,                0.84732,                0.61663,                0.37077,                0.87881,             0.00073933,             0.00073933,             0.00073933
                     42,                0.63899,                0.34604,                0.92626,                0.99658,                 0.9652,                0.98423,                0.84699,                0.64747,                0.35708,                0.89267,             0.00072164,             0.00072164,             0.00072164
                     43,                0.66143,                0.35658,                0.93685,                0.98899,                 0.9798,                0.98531,                0.83916,                0.67224,                0.34686,                0.90501,             0.00070396,             0.00070396,             0.00070396
                     44,                0.66179,                0.36475,                0.94031,                0.99819,                 0.9798,                0.98273,                0.85191,                0.61482,                 0.3285,                0.89696,             0.00068628,             0.00068628,             0.00068628
                     45,                0.63561,                0.34046,                0.92637,                0.99939,                0.96728,                0.98178,                0.84615,                0.61016,                0.34804,                0.88234,             0.00066859,             0.00066859,             0.00066859
                     46,                 0.6533,                0.34944,                 0.9287,                0.99741,                 0.9652,                0.98224,                0.84811,                0.63122,                0.34825,                0.88435,             0.00065091,             0.00065091,             0.00065091
                     47,                0.64155,                0.34249,                0.93528,                0.99902,                 0.9674,                0.98129,                0.83628,                0.67594,                0.34829,                 0.8968,             0.00063323,             0.00063323,             0.00063323
                     48,                0.64623,                0.34809,                0.93519,                0.99772,                 0.9652,                0.98485,                0.84784,                0.63243,                0.34214,                0.88957,             0.00061554,             0.00061554,             0.00061554
